[
    {
        "merged": "H:\\1.Education\\Academic\\2.2\\5.SD 3\\RuposhiBarisal\\app\\build\\intermediates\\res\\merged\\debug\\color-v23\\abc_btn_colored_borderless_text_material.xml",
        "source": "H:\\1.Education\\Academic\\2.2\\5.SD 3\\RuposhiBarisal\\app\\build\\intermediates\\exploded-aar\\com.android.support\\appcompat-v7\\25.0.1\\res\\color-v23\\abc_btn_colored_borderless_text_material.xml"
    },
    {
        "merged": "H:\\1.Education\\Academic\\2.2\\5.SD 3\\RuposhiBarisal\\app\\build\\intermediates\\res\\merged\\debug\\color-v23\\abc_tint_btn_checkable.xml",
        "source": "H:\\1.Education\\Academic\\2.2\\5.SD 3\\RuposhiBarisal\\app\\build\\intermediates\\exploded-aar\\com.android.support\\appcompat-v7\\25.0.1\\res\\color-v23\\abc_tint_btn_checkable.xml"
    },
    {
        "merged": "H:\\1.Education\\Academic\\2.2\\5.SD 3\\RuposhiBarisal\\app\\build\\intermediates\\res\\merged\\debug\\color-v23\\abc_color_highlight_material.xml",
        "source": "H:\\1.Education\\Academic\\2.2\\5.SD 3\\RuposhiBarisal\\app\\build\\intermediates\\exploded-aar\\com.android.support\\appcompat-v7\\25.0.1\\res\\color-v23\\abc_color_highlight_material.xml"
    },
    {
        "merged": "H:\\1.Education\\Academic\\2.2\\5.SD 3\\RuposhiBarisal\\app\\build\\intermediates\\res\\merged\\debug\\color-v23\\abc_tint_switch_track.xml",
        "source": "H:\\1.Education\\Academic\\2.2\\5.SD 3\\RuposhiBarisal\\app\\build\\intermediates\\exploded-aar\\com.android.support\\appcompat-v7\\25.0.1\\res\\color-v23\\abc_tint_switch_track.xml"
    },
    {
        "merged": "H:\\1.Education\\Academic\\2.2\\5.SD 3\\RuposhiBarisal\\app\\build\\intermediates\\res\\merged\\debug\\color-v23\\abc_tint_switch_thumb.xml",
        "source": "H:\\1.Education\\Academic\\2.2\\5.SD 3\\RuposhiBarisal\\app\\build\\intermediates\\exploded-aar\\com.android.support\\appcompat-v7\\25.0.1\\res\\color-v23\\abc_tint_switch_thumb.xml"
    },
    {
        "merged": "H:\\1.Education\\Academic\\2.2\\5.SD 3\\RuposhiBarisal\\app\\build\\intermediates\\res\\merged\\debug\\color-v23\\abc_tint_default.xml",
        "source": "H:\\1.Education\\Academic\\2.2\\5.SD 3\\RuposhiBarisal\\app\\build\\intermediates\\exploded-aar\\com.android.support\\appcompat-v7\\25.0.1\\res\\color-v23\\abc_tint_default.xml"
    },
    {
        "merged": "H:\\1.Education\\Academic\\2.2\\5.SD 3\\RuposhiBarisal\\app\\build\\intermediates\\res\\merged\\debug\\color-v23\\abc_tint_seek_thumb.xml",
        "source": "H:\\1.Education\\Academic\\2.2\\5.SD 3\\RuposhiBarisal\\app\\build\\intermediates\\exploded-aar\\com.android.support\\appcompat-v7\\25.0.1\\res\\color-v23\\abc_tint_seek_thumb.xml"
    },
    {
        "merged": "H:\\1.Education\\Academic\\2.2\\5.SD 3\\RuposhiBarisal\\app\\build\\intermediates\\res\\merged\\debug\\color-v23\\abc_tint_edittext.xml",
        "source": "H:\\1.Education\\Academic\\2.2\\5.SD 3\\RuposhiBarisal\\app\\build\\intermediates\\exploded-aar\\com.android.support\\appcompat-v7\\25.0.1\\res\\color-v23\\abc_tint_edittext.xml"
    },
    {
        "merged": "H:\\1.Education\\Academic\\2.2\\5.SD 3\\RuposhiBarisal\\app\\build\\intermediates\\res\\merged\\debug\\color-v23\\abc_tint_spinner.xml",
        "source": "H:\\1.Education\\Academic\\2.2\\5.SD 3\\RuposhiBarisal\\app\\build\\intermediates\\exploded-aar\\com.android.support\\appcompat-v7\\25.0.1\\res\\color-v23\\abc_tint_spinner.xml"
    }
]