[
    {
        "merged": "H:\\1.Education\\Academic\\2.2\\5.SD 3\\RuposhiBarisal\\app\\build\\intermediates\\res\\merged\\debug\\drawable-v21\\notification_action_background.xml",
        "source": "H:\\1.Education\\Academic\\2.2\\5.SD 3\\RuposhiBarisal\\app\\build\\intermediates\\exploded-aar\\com.android.support\\appcompat-v7\\25.0.1\\res\\drawable-v21\\notification_action_background.xml"
    },
    {
        "merged": "H:\\1.Education\\Academic\\2.2\\5.SD 3\\RuposhiBarisal\\app\\build\\intermediates\\res\\merged\\debug\\drawable-v21\\abc_action_bar_item_background_material.xml",
        "source": "H:\\1.Education\\Academic\\2.2\\5.SD 3\\RuposhiBarisal\\app\\build\\intermediates\\exploded-aar\\com.android.support\\appcompat-v7\\25.0.1\\res\\drawable-v21\\abc_action_bar_item_background_material.xml"
    },
    {
        "merged": "H:\\1.Education\\Academic\\2.2\\5.SD 3\\RuposhiBarisal\\app\\build\\intermediates\\res\\merged\\debug\\drawable-v21\\abc_edit_text_material.xml",
        "source": "H:\\1.Education\\Academic\\2.2\\5.SD 3\\RuposhiBarisal\\app\\build\\intermediates\\exploded-aar\\com.android.support\\appcompat-v7\\25.0.1\\res\\drawable-v21\\abc_edit_text_material.xml"
    },
    {
        "merged": "H:\\1.Education\\Academic\\2.2\\5.SD 3\\RuposhiBarisal\\app\\build\\intermediates\\res\\merged\\debug\\drawable-v21\\abc_btn_colored_material.xml",
        "source": "H:\\1.Education\\Academic\\2.2\\5.SD 3\\RuposhiBarisal\\app\\build\\intermediates\\exploded-aar\\com.android.support\\appcompat-v7\\25.0.1\\res\\drawable-v21\\abc_btn_colored_material.xml"
    }
]