[
    {
        "merged": "H:\\1.Education\\Academic\\2.2\\5.SD 3\\RuposhiBarisal\\app\\build\\intermediates\\res\\merged\\debug\\drawable-ldrtl-xhdpi-v17\\abc_ic_menu_copy_mtrl_am_alpha.png",
        "source": "H:\\1.Education\\Academic\\2.2\\5.SD 3\\RuposhiBarisal\\app\\build\\intermediates\\exploded-aar\\com.android.support\\appcompat-v7\\25.0.1\\res\\drawable-ldrtl-xhdpi-v17\\abc_ic_menu_copy_mtrl_am_alpha.png"
    },
    {
        "merged": "H:\\1.Education\\Academic\\2.2\\5.SD 3\\RuposhiBarisal\\app\\build\\intermediates\\res\\merged\\debug\\drawable-ldrtl-xhdpi-v17\\abc_ic_menu_cut_mtrl_alpha.png",
        "source": "H:\\1.Education\\Academic\\2.2\\5.SD 3\\RuposhiBarisal\\app\\build\\intermediates\\exploded-aar\\com.android.support\\appcompat-v7\\25.0.1\\res\\drawable-ldrtl-xhdpi-v17\\abc_ic_menu_cut_mtrl_alpha.png"
    },
    {
        "merged": "H:\\1.Education\\Academic\\2.2\\5.SD 3\\RuposhiBarisal\\app\\build\\intermediates\\res\\merged\\debug\\drawable-ldrtl-xhdpi-v17\\abc_spinner_mtrl_am_alpha.9.png",
        "source": "H:\\1.Education\\Academic\\2.2\\5.SD 3\\RuposhiBarisal\\app\\build\\intermediates\\exploded-aar\\com.android.support\\appcompat-v7\\25.0.1\\res\\drawable-ldrtl-xhdpi-v17\\abc_spinner_mtrl_am_alpha.9.png"
    }
]