[
    {
        "merged": "H:\\1.Education\\Academic\\2.2\\5.SD 3\\RuposhiBarisal\\app\\build\\intermediates\\res\\merged\\debug\\layout-v21\\notification_action_tombstone.xml",
        "source": "H:\\1.Education\\Academic\\2.2\\5.SD 3\\RuposhiBarisal\\app\\build\\intermediates\\exploded-aar\\com.android.support\\appcompat-v7\\25.0.1\\res\\layout-v21\\notification_action_tombstone.xml"
    },
    {
        "merged": "H:\\1.Education\\Academic\\2.2\\5.SD 3\\RuposhiBarisal\\app\\build\\intermediates\\res\\merged\\debug\\layout-v21\\notification_template_icon_group.xml",
        "source": "H:\\1.Education\\Academic\\2.2\\5.SD 3\\RuposhiBarisal\\app\\build\\intermediates\\exploded-aar\\com.android.support\\appcompat-v7\\25.0.1\\res\\layout-v21\\notification_template_icon_group.xml"
    },
    {
        "merged": "H:\\1.Education\\Academic\\2.2\\5.SD 3\\RuposhiBarisal\\app\\build\\intermediates\\res\\merged\\debug\\layout-v21\\notification_action.xml",
        "source": "H:\\1.Education\\Academic\\2.2\\5.SD 3\\RuposhiBarisal\\app\\build\\intermediates\\exploded-aar\\com.android.support\\appcompat-v7\\25.0.1\\res\\layout-v21\\notification_action.xml"
    },
    {
        "merged": "H:\\1.Education\\Academic\\2.2\\5.SD 3\\RuposhiBarisal\\app\\build\\intermediates\\res\\merged\\debug\\layout-v21\\notification_template_custom_big.xml",
        "source": "H:\\1.Education\\Academic\\2.2\\5.SD 3\\RuposhiBarisal\\app\\build\\intermediates\\exploded-aar\\com.android.support\\appcompat-v7\\25.0.1\\res\\layout-v21\\notification_template_custom_big.xml"
    }
]