[
    {
        "merged": "H:\\1.Education\\Academic\\2.2\\5.SD 3\\RuposhiBarisal\\app\\build\\intermediates\\res\\merged\\debug\\layout\\activity_communicationn.xml",
        "source": "H:\\1.Education\\Academic\\2.2\\5.SD 3\\RuposhiBarisal\\app\\src\\main\\res\\layout\\activity_communicationn.xml"
    },
    {
        "merged": "H:\\1.Education\\Academic\\2.2\\5.SD 3\\RuposhiBarisal\\app\\build\\intermediates\\res\\merged\\debug\\layout\\abc_popup_menu_item_layout.xml",
        "source": "H:\\1.Education\\Academic\\2.2\\5.SD 3\\RuposhiBarisal\\app\\build\\intermediates\\exploded-aar\\com.android.support\\appcompat-v7\\25.0.1\\res\\layout\\abc_popup_menu_item_layout.xml"
    },
    {
        "merged": "H:\\1.Education\\Academic\\2.2\\5.SD 3\\RuposhiBarisal\\app\\build\\intermediates\\res\\merged\\debug\\layout\\abc_action_menu_item_layout.xml",
        "source": "H:\\1.Education\\Academic\\2.2\\5.SD 3\\RuposhiBarisal\\app\\build\\intermediates\\exploded-aar\\com.android.support\\appcompat-v7\\25.0.1\\res\\layout\\abc_action_menu_item_layout.xml"
    },
    {
        "merged": "H:\\1.Education\\Academic\\2.2\\5.SD 3\\RuposhiBarisal\\app\\build\\intermediates\\res\\merged\\debug\\layout\\abc_select_dialog_material.xml",
        "source": "H:\\1.Education\\Academic\\2.2\\5.SD 3\\RuposhiBarisal\\app\\build\\intermediates\\exploded-aar\\com.android.support\\appcompat-v7\\25.0.1\\res\\layout\\abc_select_dialog_material.xml"
    },
    {
        "merged": "H:\\1.Education\\Academic\\2.2\\5.SD 3\\RuposhiBarisal\\app\\build\\intermediates\\res\\merged\\debug\\layout\\abc_screen_simple_overlay_action_mode.xml",
        "source": "H:\\1.Education\\Academic\\2.2\\5.SD 3\\RuposhiBarisal\\app\\build\\intermediates\\exploded-aar\\com.android.support\\appcompat-v7\\25.0.1\\res\\layout\\abc_screen_simple_overlay_action_mode.xml"
    },
    {
        "merged": "H:\\1.Education\\Academic\\2.2\\5.SD 3\\RuposhiBarisal\\app\\build\\intermediates\\res\\merged\\debug\\layout\\abc_action_menu_layout.xml",
        "source": "H:\\1.Education\\Academic\\2.2\\5.SD 3\\RuposhiBarisal\\app\\build\\intermediates\\exploded-aar\\com.android.support\\appcompat-v7\\25.0.1\\res\\layout\\abc_action_menu_layout.xml"
    },
    {
        "merged": "H:\\1.Education\\Academic\\2.2\\5.SD 3\\RuposhiBarisal\\app\\build\\intermediates\\res\\merged\\debug\\layout\\activity_calculator.xml",
        "source": "H:\\1.Education\\Academic\\2.2\\5.SD 3\\RuposhiBarisal\\app\\src\\main\\res\\layout\\activity_calculator.xml"
    },
    {
        "merged": "H:\\1.Education\\Academic\\2.2\\5.SD 3\\RuposhiBarisal\\app\\build\\intermediates\\res\\merged\\debug\\layout\\activity_foods.xml",
        "source": "H:\\1.Education\\Academic\\2.2\\5.SD 3\\RuposhiBarisal\\app\\src\\main\\res\\layout\\activity_foods.xml"
    },
    {
        "merged": "H:\\1.Education\\Academic\\2.2\\5.SD 3\\RuposhiBarisal\\app\\build\\intermediates\\res\\merged\\debug\\layout\\activity_riverportt.xml",
        "source": "H:\\1.Education\\Academic\\2.2\\5.SD 3\\RuposhiBarisal\\app\\src\\main\\res\\layout\\activity_riverportt.xml"
    },
    {
        "merged": "H:\\1.Education\\Academic\\2.2\\5.SD 3\\RuposhiBarisal\\app\\build\\intermediates\\res\\merged\\debug\\layout\\notification_template_lines_media.xml",
        "source": "H:\\1.Education\\Academic\\2.2\\5.SD 3\\RuposhiBarisal\\app\\build\\intermediates\\exploded-aar\\com.android.support\\appcompat-v7\\25.0.1\\res\\layout\\notification_template_lines_media.xml"
    },
    {
        "merged": "H:\\1.Education\\Academic\\2.2\\5.SD 3\\RuposhiBarisal\\app\\build\\intermediates\\res\\merged\\debug\\layout\\notification_template_big_media_custom.xml",
        "source": "H:\\1.Education\\Academic\\2.2\\5.SD 3\\RuposhiBarisal\\app\\build\\intermediates\\exploded-aar\\com.android.support\\appcompat-v7\\25.0.1\\res\\layout\\notification_template_big_media_custom.xml"
    },
    {
        "merged": "H:\\1.Education\\Academic\\2.2\\5.SD 3\\RuposhiBarisal\\app\\build\\intermediates\\res\\merged\\debug\\layout\\activity_tourist.xml",
        "source": "H:\\1.Education\\Academic\\2.2\\5.SD 3\\RuposhiBarisal\\app\\src\\main\\res\\layout\\activity_tourist.xml"
    },
    {
        "merged": "H:\\1.Education\\Academic\\2.2\\5.SD 3\\RuposhiBarisal\\app\\build\\intermediates\\res\\merged\\debug\\layout\\abc_screen_toolbar.xml",
        "source": "H:\\1.Education\\Academic\\2.2\\5.SD 3\\RuposhiBarisal\\app\\build\\intermediates\\exploded-aar\\com.android.support\\appcompat-v7\\25.0.1\\res\\layout\\abc_screen_toolbar.xml"
    },
    {
        "merged": "H:\\1.Education\\Academic\\2.2\\5.SD 3\\RuposhiBarisal\\app\\build\\intermediates\\res\\merged\\debug\\layout\\abc_action_mode_close_item_material.xml",
        "source": "H:\\1.Education\\Academic\\2.2\\5.SD 3\\RuposhiBarisal\\app\\build\\intermediates\\exploded-aar\\com.android.support\\appcompat-v7\\25.0.1\\res\\layout\\abc_action_mode_close_item_material.xml"
    },
    {
        "merged": "H:\\1.Education\\Academic\\2.2\\5.SD 3\\RuposhiBarisal\\app\\build\\intermediates\\res\\merged\\debug\\layout\\abc_list_menu_item_icon.xml",
        "source": "H:\\1.Education\\Academic\\2.2\\5.SD 3\\RuposhiBarisal\\app\\build\\intermediates\\exploded-aar\\com.android.support\\appcompat-v7\\25.0.1\\res\\layout\\abc_list_menu_item_icon.xml"
    },
    {
        "merged": "H:\\1.Education\\Academic\\2.2\\5.SD 3\\RuposhiBarisal\\app\\build\\intermediates\\res\\merged\\debug\\layout\\select_dialog_multichoice_material.xml",
        "source": "H:\\1.Education\\Academic\\2.2\\5.SD 3\\RuposhiBarisal\\app\\build\\intermediates\\exploded-aar\\com.android.support\\appcompat-v7\\25.0.1\\res\\layout\\select_dialog_multichoice_material.xml"
    },
    {
        "merged": "H:\\1.Education\\Academic\\2.2\\5.SD 3\\RuposhiBarisal\\app\\build\\intermediates\\res\\merged\\debug\\layout\\abc_list_menu_item_layout.xml",
        "source": "H:\\1.Education\\Academic\\2.2\\5.SD 3\\RuposhiBarisal\\app\\build\\intermediates\\exploded-aar\\com.android.support\\appcompat-v7\\25.0.1\\res\\layout\\abc_list_menu_item_layout.xml"
    },
    {
        "merged": "H:\\1.Education\\Academic\\2.2\\5.SD 3\\RuposhiBarisal\\app\\build\\intermediates\\res\\merged\\debug\\layout\\abc_list_menu_item_radio.xml",
        "source": "H:\\1.Education\\Academic\\2.2\\5.SD 3\\RuposhiBarisal\\app\\build\\intermediates\\exploded-aar\\com.android.support\\appcompat-v7\\25.0.1\\res\\layout\\abc_list_menu_item_radio.xml"
    },
    {
        "merged": "H:\\1.Education\\Academic\\2.2\\5.SD 3\\RuposhiBarisal\\app\\build\\intermediates\\res\\merged\\debug\\layout\\notification_action_tombstone.xml",
        "source": "H:\\1.Education\\Academic\\2.2\\5.SD 3\\RuposhiBarisal\\app\\build\\intermediates\\exploded-aar\\com.android.support\\appcompat-v7\\25.0.1\\res\\layout\\notification_action_tombstone.xml"
    },
    {
        "merged": "H:\\1.Education\\Academic\\2.2\\5.SD 3\\RuposhiBarisal\\app\\build\\intermediates\\res\\merged\\debug\\layout\\abc_action_bar_title_item.xml",
        "source": "H:\\1.Education\\Academic\\2.2\\5.SD 3\\RuposhiBarisal\\app\\build\\intermediates\\exploded-aar\\com.android.support\\appcompat-v7\\25.0.1\\res\\layout\\abc_action_bar_title_item.xml"
    },
    {
        "merged": "H:\\1.Education\\Academic\\2.2\\5.SD 3\\RuposhiBarisal\\app\\build\\intermediates\\res\\merged\\debug\\layout\\select_dialog_singlechoice_material.xml",
        "source": "H:\\1.Education\\Academic\\2.2\\5.SD 3\\RuposhiBarisal\\app\\build\\intermediates\\exploded-aar\\com.android.support\\appcompat-v7\\25.0.1\\res\\layout\\select_dialog_singlechoice_material.xml"
    },
    {
        "merged": "H:\\1.Education\\Academic\\2.2\\5.SD 3\\RuposhiBarisal\\app\\build\\intermediates\\res\\merged\\debug\\layout\\abc_expanded_menu_layout.xml",
        "source": "H:\\1.Education\\Academic\\2.2\\5.SD 3\\RuposhiBarisal\\app\\build\\intermediates\\exploded-aar\\com.android.support\\appcompat-v7\\25.0.1\\res\\layout\\abc_expanded_menu_layout.xml"
    },
    {
        "merged": "H:\\1.Education\\Academic\\2.2\\5.SD 3\\RuposhiBarisal\\app\\build\\intermediates\\res\\merged\\debug\\layout\\activity_buss.xml",
        "source": "H:\\1.Education\\Academic\\2.2\\5.SD 3\\RuposhiBarisal\\app\\src\\main\\res\\layout\\activity_buss.xml"
    },
    {
        "merged": "H:\\1.Education\\Academic\\2.2\\5.SD 3\\RuposhiBarisal\\app\\build\\intermediates\\res\\merged\\debug\\layout\\notification_template_media_custom.xml",
        "source": "H:\\1.Education\\Academic\\2.2\\5.SD 3\\RuposhiBarisal\\app\\build\\intermediates\\exploded-aar\\com.android.support\\appcompat-v7\\25.0.1\\res\\layout\\notification_template_media_custom.xml"
    },
    {
        "merged": "H:\\1.Education\\Academic\\2.2\\5.SD 3\\RuposhiBarisal\\app\\build\\intermediates\\res\\merged\\debug\\layout\\abc_action_bar_up_container.xml",
        "source": "H:\\1.Education\\Academic\\2.2\\5.SD 3\\RuposhiBarisal\\app\\build\\intermediates\\exploded-aar\\com.android.support\\appcompat-v7\\25.0.1\\res\\layout\\abc_action_bar_up_container.xml"
    },
    {
        "merged": "H:\\1.Education\\Academic\\2.2\\5.SD 3\\RuposhiBarisal\\app\\build\\intermediates\\res\\merged\\debug\\layout\\abc_action_bar_view_list_nav_layout.xml",
        "source": "H:\\1.Education\\Academic\\2.2\\5.SD 3\\RuposhiBarisal\\app\\build\\intermediates\\exploded-aar\\com.android.support\\appcompat-v7\\25.0.1\\res\\layout\\abc_action_bar_view_list_nav_layout.xml"
    },
    {
        "merged": "H:\\1.Education\\Academic\\2.2\\5.SD 3\\RuposhiBarisal\\app\\build\\intermediates\\res\\merged\\debug\\layout\\abc_popup_menu_header_item_layout.xml",
        "source": "H:\\1.Education\\Academic\\2.2\\5.SD 3\\RuposhiBarisal\\app\\build\\intermediates\\exploded-aar\\com.android.support\\appcompat-v7\\25.0.1\\res\\layout\\abc_popup_menu_header_item_layout.xml"
    },
    {
        "merged": "H:\\1.Education\\Academic\\2.2\\5.SD 3\\RuposhiBarisal\\app\\build\\intermediates\\res\\merged\\debug\\layout\\abc_screen_simple.xml",
        "source": "H:\\1.Education\\Academic\\2.2\\5.SD 3\\RuposhiBarisal\\app\\build\\intermediates\\exploded-aar\\com.android.support\\appcompat-v7\\25.0.1\\res\\layout\\abc_screen_simple.xml"
    },
    {
        "merged": "H:\\1.Education\\Academic\\2.2\\5.SD 3\\RuposhiBarisal\\app\\build\\intermediates\\res\\merged\\debug\\layout\\activity_accommodation.xml",
        "source": "H:\\1.Education\\Academic\\2.2\\5.SD 3\\RuposhiBarisal\\app\\src\\main\\res\\layout\\activity_accommodation.xml"
    },
    {
        "merged": "H:\\1.Education\\Academic\\2.2\\5.SD 3\\RuposhiBarisal\\app\\build\\intermediates\\res\\merged\\debug\\layout\\activity_history2.xml",
        "source": "H:\\1.Education\\Academic\\2.2\\5.SD 3\\RuposhiBarisal\\app\\src\\main\\res\\layout\\activity_history2.xml"
    },
    {
        "merged": "H:\\1.Education\\Academic\\2.2\\5.SD 3\\RuposhiBarisal\\app\\build\\intermediates\\res\\merged\\debug\\layout\\support_simple_spinner_dropdown_item.xml",
        "source": "H:\\1.Education\\Academic\\2.2\\5.SD 3\\RuposhiBarisal\\app\\build\\intermediates\\exploded-aar\\com.android.support\\appcompat-v7\\25.0.1\\res\\layout\\support_simple_spinner_dropdown_item.xml"
    },
    {
        "merged": "H:\\1.Education\\Academic\\2.2\\5.SD 3\\RuposhiBarisal\\app\\build\\intermediates\\res\\merged\\debug\\layout\\abc_search_view.xml",
        "source": "H:\\1.Education\\Academic\\2.2\\5.SD 3\\RuposhiBarisal\\app\\build\\intermediates\\exploded-aar\\com.android.support\\appcompat-v7\\25.0.1\\res\\layout\\abc_search_view.xml"
    },
    {
        "merged": "H:\\1.Education\\Academic\\2.2\\5.SD 3\\RuposhiBarisal\\app\\build\\intermediates\\res\\merged\\debug\\layout\\notification_template_icon_group.xml",
        "source": "H:\\1.Education\\Academic\\2.2\\5.SD 3\\RuposhiBarisal\\app\\build\\intermediates\\exploded-aar\\com.android.support\\appcompat-v7\\25.0.1\\res\\layout\\notification_template_icon_group.xml"
    },
    {
        "merged": "H:\\1.Education\\Academic\\2.2\\5.SD 3\\RuposhiBarisal\\app\\build\\intermediates\\res\\merged\\debug\\layout\\activity_optionn.xml",
        "source": "H:\\1.Education\\Academic\\2.2\\5.SD 3\\RuposhiBarisal\\app\\src\\main\\res\\layout\\activity_optionn.xml"
    },
    {
        "merged": "H:\\1.Education\\Academic\\2.2\\5.SD 3\\RuposhiBarisal\\app\\build\\intermediates\\res\\merged\\debug\\layout\\activity_history1.xml",
        "source": "H:\\1.Education\\Academic\\2.2\\5.SD 3\\RuposhiBarisal\\app\\src\\main\\res\\layout\\activity_history1.xml"
    },
    {
        "merged": "H:\\1.Education\\Academic\\2.2\\5.SD 3\\RuposhiBarisal\\app\\build\\intermediates\\res\\merged\\debug\\layout\\notification_template_media.xml",
        "source": "H:\\1.Education\\Academic\\2.2\\5.SD 3\\RuposhiBarisal\\app\\build\\intermediates\\exploded-aar\\com.android.support\\appcompat-v7\\25.0.1\\res\\layout\\notification_template_media.xml"
    },
    {
        "merged": "H:\\1.Education\\Academic\\2.2\\5.SD 3\\RuposhiBarisal\\app\\build\\intermediates\\res\\merged\\debug\\layout\\notification_action.xml",
        "source": "H:\\1.Education\\Academic\\2.2\\5.SD 3\\RuposhiBarisal\\app\\build\\intermediates\\exploded-aar\\com.android.support\\appcompat-v7\\25.0.1\\res\\layout\\notification_action.xml"
    },
    {
        "merged": "H:\\1.Education\\Academic\\2.2\\5.SD 3\\RuposhiBarisal\\app\\build\\intermediates\\res\\merged\\debug\\layout\\abc_alert_dialog_button_bar_material.xml",
        "source": "H:\\1.Education\\Academic\\2.2\\5.SD 3\\RuposhiBarisal\\app\\build\\intermediates\\exploded-aar\\com.android.support\\appcompat-v7\\25.0.1\\res\\layout\\abc_alert_dialog_button_bar_material.xml"
    },
    {
        "merged": "H:\\1.Education\\Academic\\2.2\\5.SD 3\\RuposhiBarisal\\app\\build\\intermediates\\res\\merged\\debug\\layout\\abc_list_menu_item_checkbox.xml",
        "source": "H:\\1.Education\\Academic\\2.2\\5.SD 3\\RuposhiBarisal\\app\\build\\intermediates\\exploded-aar\\com.android.support\\appcompat-v7\\25.0.1\\res\\layout\\abc_list_menu_item_checkbox.xml"
    },
    {
        "merged": "H:\\1.Education\\Academic\\2.2\\5.SD 3\\RuposhiBarisal\\app\\build\\intermediates\\res\\merged\\debug\\layout\\abc_alert_dialog_material.xml",
        "source": "H:\\1.Education\\Academic\\2.2\\5.SD 3\\RuposhiBarisal\\app\\build\\intermediates\\exploded-aar\\com.android.support\\appcompat-v7\\25.0.1\\res\\layout\\abc_alert_dialog_material.xml"
    },
    {
        "merged": "H:\\1.Education\\Academic\\2.2\\5.SD 3\\RuposhiBarisal\\app\\build\\intermediates\\res\\merged\\debug\\layout\\notification_template_big_media_narrow.xml",
        "source": "H:\\1.Education\\Academic\\2.2\\5.SD 3\\RuposhiBarisal\\app\\build\\intermediates\\exploded-aar\\com.android.support\\appcompat-v7\\25.0.1\\res\\layout\\notification_template_big_media_narrow.xml"
    },
    {
        "merged": "H:\\1.Education\\Academic\\2.2\\5.SD 3\\RuposhiBarisal\\app\\build\\intermediates\\res\\merged\\debug\\layout\\select_dialog_item_material.xml",
        "source": "H:\\1.Education\\Academic\\2.2\\5.SD 3\\RuposhiBarisal\\app\\build\\intermediates\\exploded-aar\\com.android.support\\appcompat-v7\\25.0.1\\res\\layout\\select_dialog_item_material.xml"
    },
    {
        "merged": "H:\\1.Education\\Academic\\2.2\\5.SD 3\\RuposhiBarisal\\app\\build\\intermediates\\res\\merged\\debug\\layout\\notification_media_cancel_action.xml",
        "source": "H:\\1.Education\\Academic\\2.2\\5.SD 3\\RuposhiBarisal\\app\\build\\intermediates\\exploded-aar\\com.android.support\\appcompat-v7\\25.0.1\\res\\layout\\notification_media_cancel_action.xml"
    },
    {
        "merged": "H:\\1.Education\\Academic\\2.2\\5.SD 3\\RuposhiBarisal\\app\\build\\intermediates\\res\\merged\\debug\\layout\\notification_template_big_media.xml",
        "source": "H:\\1.Education\\Academic\\2.2\\5.SD 3\\RuposhiBarisal\\app\\build\\intermediates\\exploded-aar\\com.android.support\\appcompat-v7\\25.0.1\\res\\layout\\notification_template_big_media.xml"
    },
    {
        "merged": "H:\\1.Education\\Academic\\2.2\\5.SD 3\\RuposhiBarisal\\app\\build\\intermediates\\res\\merged\\debug\\layout\\notification_media_action.xml",
        "source": "H:\\1.Education\\Academic\\2.2\\5.SD 3\\RuposhiBarisal\\app\\build\\intermediates\\exploded-aar\\com.android.support\\appcompat-v7\\25.0.1\\res\\layout\\notification_media_action.xml"
    },
    {
        "merged": "H:\\1.Education\\Academic\\2.2\\5.SD 3\\RuposhiBarisal\\app\\build\\intermediates\\res\\merged\\debug\\layout\\abc_search_dropdown_item_icons_2line.xml",
        "source": "H:\\1.Education\\Academic\\2.2\\5.SD 3\\RuposhiBarisal\\app\\build\\intermediates\\exploded-aar\\com.android.support\\appcompat-v7\\25.0.1\\res\\layout\\abc_search_dropdown_item_icons_2line.xml"
    },
    {
        "merged": "H:\\1.Education\\Academic\\2.2\\5.SD 3\\RuposhiBarisal\\app\\build\\intermediates\\res\\merged\\debug\\layout\\activity_main.xml",
        "source": "H:\\1.Education\\Academic\\2.2\\5.SD 3\\RuposhiBarisal\\app\\src\\main\\res\\layout\\activity_main.xml"
    },
    {
        "merged": "H:\\1.Education\\Academic\\2.2\\5.SD 3\\RuposhiBarisal\\app\\build\\intermediates\\res\\merged\\debug\\layout\\activity_by_airr.xml",
        "source": "H:\\1.Education\\Academic\\2.2\\5.SD 3\\RuposhiBarisal\\app\\src\\main\\res\\layout\\activity_by_airr.xml"
    },
    {
        "merged": "H:\\1.Education\\Academic\\2.2\\5.SD 3\\RuposhiBarisal\\app\\build\\intermediates\\res\\merged\\debug\\layout\\abc_activity_chooser_view.xml",
        "source": "H:\\1.Education\\Academic\\2.2\\5.SD 3\\RuposhiBarisal\\app\\build\\intermediates\\exploded-aar\\com.android.support\\appcompat-v7\\25.0.1\\res\\layout\\abc_activity_chooser_view.xml"
    },
    {
        "merged": "H:\\1.Education\\Academic\\2.2\\5.SD 3\\RuposhiBarisal\\app\\build\\intermediates\\res\\merged\\debug\\layout\\abc_activity_chooser_view_list_item.xml",
        "source": "H:\\1.Education\\Academic\\2.2\\5.SD 3\\RuposhiBarisal\\app\\build\\intermediates\\exploded-aar\\com.android.support\\appcompat-v7\\25.0.1\\res\\layout\\abc_activity_chooser_view_list_item.xml"
    },
    {
        "merged": "H:\\1.Education\\Academic\\2.2\\5.SD 3\\RuposhiBarisal\\app\\build\\intermediates\\res\\merged\\debug\\layout\\abc_action_mode_bar.xml",
        "source": "H:\\1.Education\\Academic\\2.2\\5.SD 3\\RuposhiBarisal\\app\\build\\intermediates\\exploded-aar\\com.android.support\\appcompat-v7\\25.0.1\\res\\layout\\abc_action_mode_bar.xml"
    },
    {
        "merged": "H:\\1.Education\\Academic\\2.2\\5.SD 3\\RuposhiBarisal\\app\\build\\intermediates\\res\\merged\\debug\\layout\\notification_template_big_media_narrow_custom.xml",
        "source": "H:\\1.Education\\Academic\\2.2\\5.SD 3\\RuposhiBarisal\\app\\build\\intermediates\\exploded-aar\\com.android.support\\appcompat-v7\\25.0.1\\res\\layout\\notification_template_big_media_narrow_custom.xml"
    },
    {
        "merged": "H:\\1.Education\\Academic\\2.2\\5.SD 3\\RuposhiBarisal\\app\\build\\intermediates\\res\\merged\\debug\\layout\\abc_screen_content_include.xml",
        "source": "H:\\1.Education\\Academic\\2.2\\5.SD 3\\RuposhiBarisal\\app\\build\\intermediates\\exploded-aar\\com.android.support\\appcompat-v7\\25.0.1\\res\\layout\\abc_screen_content_include.xml"
    },
    {
        "merged": "H:\\1.Education\\Academic\\2.2\\5.SD 3\\RuposhiBarisal\\app\\build\\intermediates\\res\\merged\\debug\\layout\\notification_template_part_chronometer.xml",
        "source": "H:\\1.Education\\Academic\\2.2\\5.SD 3\\RuposhiBarisal\\app\\build\\intermediates\\exploded-aar\\com.android.support\\appcompat-v7\\25.0.1\\res\\layout\\notification_template_part_chronometer.xml"
    },
    {
        "merged": "H:\\1.Education\\Academic\\2.2\\5.SD 3\\RuposhiBarisal\\app\\build\\intermediates\\res\\merged\\debug\\layout\\abc_dialog_title_material.xml",
        "source": "H:\\1.Education\\Academic\\2.2\\5.SD 3\\RuposhiBarisal\\app\\build\\intermediates\\exploded-aar\\com.android.support\\appcompat-v7\\25.0.1\\res\\layout\\abc_dialog_title_material.xml"
    },
    {
        "merged": "H:\\1.Education\\Academic\\2.2\\5.SD 3\\RuposhiBarisal\\app\\build\\intermediates\\res\\merged\\debug\\layout\\notification_template_part_time.xml",
        "source": "H:\\1.Education\\Academic\\2.2\\5.SD 3\\RuposhiBarisal\\app\\build\\intermediates\\exploded-aar\\com.android.support\\appcompat-v7\\25.0.1\\res\\layout\\notification_template_part_time.xml"
    }
]