[
    {
        "outputFile": "H:\\1.Education\\Academic\\2.2\\5.SD 3\\RuposhiBarisal\\app\\build\\intermediates\\incremental\\mergeDebugResources\\merged.dir\\values-v24\\values-v24.xml",
        "map": [
            {
                "to": {
                    "startLine": 2,
                    "startColumn": 4,
                    "startOffset": 55,
                    "endColumn": 68,
                    "endOffset": 119
                },
                "from": {
                    "file": "H:\\1.Education\\Academic\\2.2\\5.SD 3\\RuposhiBarisal\\app\\build\\intermediates\\exploded-aar\\com.android.support\\appcompat-v7\\25.0.1\\res\\values-v24\\values-v24.xml",
                    "position": {
                        "startLine": 2,
                        "startColumn": 4,
                        "startOffset": 55,
                        "endColumn": 68,
                        "endOffset": 119
                    }
                }
            },
            {
                "to": {
                    "startLine": 3,
                    "startColumn": 4,
                    "startOffset": 124,
                    "endColumn": 63,
                    "endOffset": 183
                },
                "from": {
                    "file": "H:\\1.Education\\Academic\\2.2\\5.SD 3\\RuposhiBarisal\\app\\build\\intermediates\\exploded-aar\\com.android.support\\appcompat-v7\\25.0.1\\res\\values-v24\\values-v24.xml",
                    "position": {
                        "startLine": 3,
                        "startColumn": 4,
                        "startOffset": 124,
                        "endColumn": 63,
                        "endOffset": 183
                    }
                }
            },
            {
                "to": {
                    "startLine": 4,
                    "startColumn": 4,
                    "startOffset": 188,
                    "endColumn": 68,
                    "endOffset": 252
                },
                "from": {
                    "file": "H:\\1.Education\\Academic\\2.2\\5.SD 3\\RuposhiBarisal\\app\\build\\intermediates\\exploded-aar\\com.android.support\\appcompat-v7\\25.0.1\\res\\values-v24\\values-v24.xml",
                    "position": {
                        "startLine": 4,
                        "startColumn": 4,
                        "startOffset": 188,
                        "endColumn": 68,
                        "endOffset": 252
                    }
                }
            },
            {
                "to": {
                    "startLine": 5,
                    "startColumn": 4,
                    "startOffset": 257,
                    "endColumn": 69,
                    "endOffset": 322
                },
                "from": {
                    "file": "H:\\1.Education\\Academic\\2.2\\5.SD 3\\RuposhiBarisal\\app\\build\\intermediates\\exploded-aar\\com.android.support\\appcompat-v7\\25.0.1\\res\\values-v24\\values-v24.xml",
                    "position": {
                        "startLine": 5,
                        "startColumn": 4,
                        "startOffset": 257,
                        "endColumn": 69,
                        "endOffset": 322
                    }
                }
            }
        ]
    }
]