[
    {
        "outputFile": "H:\\1.Education\\Academic\\2.2\\5.SD 3\\RuposhiBarisal\\app\\build\\intermediates\\incremental\\mergeDebugResources\\merged.dir\\values-v22\\values-v22.xml",
        "map": [
            {
                "to": {
                    "startLine": 2,
                    "startColumn": 4,
                    "startOffset": 55,
                    "endColumn": 74,
                    "endOffset": 125
                },
                "from": {
                    "file": "H:\\1.Education\\Academic\\2.2\\5.SD 3\\RuposhiBarisal\\app\\build\\intermediates\\exploded-aar\\com.android.support\\appcompat-v7\\25.0.1\\res\\values-v22\\values-v22.xml",
                    "position": {
                        "startLine": 2,
                        "startColumn": 4,
                        "startOffset": 55,
                        "endColumn": 74,
                        "endOffset": 125
                    }
                }
            },
            {
                "to": {
                    "startLine": 3,
                    "startColumn": 4,
                    "startOffset": 130,
                    "endColumn": 86,
                    "endOffset": 212
                },
                "from": {
                    "file": "H:\\1.Education\\Academic\\2.2\\5.SD 3\\RuposhiBarisal\\app\\build\\intermediates\\exploded-aar\\com.android.support\\appcompat-v7\\25.0.1\\res\\values-v22\\values-v22.xml",
                    "position": {
                        "startLine": 3,
                        "startColumn": 4,
                        "startOffset": 130,
                        "endColumn": 86,
                        "endOffset": 212
                    }
                }
            },
            {
                "to": {
                    "startLine": 4,
                    "startColumn": 4,
                    "startOffset": 217,
                    "endLine": 8,
                    "endColumn": 12,
                    "endOffset": 548
                },
                "from": {
                    "file": "H:\\1.Education\\Academic\\2.2\\5.SD 3\\RuposhiBarisal\\app\\build\\intermediates\\exploded-aar\\com.android.support\\appcompat-v7\\25.0.1\\res\\values-v22\\values-v22.xml",
                    "position": {
                        "startLine": 4,
                        "startColumn": 4,
                        "startOffset": 217,
                        "endLine": 8,
                        "endColumn": 12,
                        "endOffset": 548
                    }
                }
            },
            {
                "to": {
                    "startLine": 9,
                    "startColumn": 4,
                    "startOffset": 553,
                    "endLine": 13,
                    "endColumn": 12,
                    "endOffset": 896
                },
                "from": {
                    "file": "H:\\1.Education\\Academic\\2.2\\5.SD 3\\RuposhiBarisal\\app\\build\\intermediates\\exploded-aar\\com.android.support\\appcompat-v7\\25.0.1\\res\\values-v22\\values-v22.xml",
                    "position": {
                        "startLine": 9,
                        "startColumn": 4,
                        "startOffset": 553,
                        "endLine": 13,
                        "endColumn": 12,
                        "endOffset": 896
                    }
                }
            }
        ]
    }
]