[
    {
        "outputFile": "H:\\1.Education\\Academic\\2.2\\5.SD 3\\RuposhiBarisal\\app\\build\\intermediates\\incremental\\mergeDebugResources\\merged.dir\\values-sq-rAL\\values-sq-rAL.xml",
        "map": [
            {
                "to": {
                    "startLine": 2,
                    "startColumn": 4,
                    "startOffset": 55,
                    "endColumn": 113,
                    "endOffset": 164
                },
                "from": {
                    "file": "H:\\1.Education\\Academic\\2.2\\5.SD 3\\RuposhiBarisal\\app\\build\\intermediates\\exploded-aar\\com.android.support\\appcompat-v7\\25.0.1\\res\\values-sq-rAL\\values-sq-rAL.xml",
                    "position": {
                        "startLine": 2,
                        "startColumn": 4,
                        "startOffset": 55,
                        "endColumn": 113,
                        "endOffset": 164
                    }
                }
            },
            {
                "to": {
                    "startLine": 3,
                    "startColumn": 4,
                    "startOffset": 169,
                    "endColumn": 107,
                    "endOffset": 272
                },
                "from": {
                    "file": "H:\\1.Education\\Academic\\2.2\\5.SD 3\\RuposhiBarisal\\app\\build\\intermediates\\exploded-aar\\com.android.support\\appcompat-v7\\25.0.1\\res\\values-sq-rAL\\values-sq-rAL.xml",
                    "position": {
                        "startLine": 3,
                        "startColumn": 4,
                        "startOffset": 169,
                        "endColumn": 107,
                        "endOffset": 272
                    }
                }
            },
            {
                "to": {
                    "startLine": 4,
                    "startColumn": 4,
                    "startOffset": 277,
                    "endColumn": 122,
                    "endOffset": 395
                },
                "from": {
                    "file": "H:\\1.Education\\Academic\\2.2\\5.SD 3\\RuposhiBarisal\\app\\build\\intermediates\\exploded-aar\\com.android.support\\appcompat-v7\\25.0.1\\res\\values-sq-rAL\\values-sq-rAL.xml",
                    "position": {
                        "startLine": 4,
                        "startColumn": 4,
                        "startOffset": 277,
                        "endColumn": 122,
                        "endOffset": 395
                    }
                }
            },
            {
                "to": {
                    "startLine": 5,
                    "startColumn": 4,
                    "startOffset": 400,
                    "endColumn": 99,
                    "endOffset": 495
                },
                "from": {
                    "file": "H:\\1.Education\\Academic\\2.2\\5.SD 3\\RuposhiBarisal\\app\\build\\intermediates\\exploded-aar\\com.android.support\\appcompat-v7\\25.0.1\\res\\values-sq-rAL\\values-sq-rAL.xml",
                    "position": {
                        "startLine": 5,
                        "startColumn": 4,
                        "startOffset": 400,
                        "endColumn": 99,
                        "endOffset": 495
                    }
                }
            },
            {
                "to": {
                    "startLine": 6,
                    "startColumn": 4,
                    "startOffset": 500,
                    "endColumn": 111,
                    "endOffset": 607
                },
                "from": {
                    "file": "H:\\1.Education\\Academic\\2.2\\5.SD 3\\RuposhiBarisal\\app\\build\\intermediates\\exploded-aar\\com.android.support\\appcompat-v7\\25.0.1\\res\\values-sq-rAL\\values-sq-rAL.xml",
                    "position": {
                        "startLine": 6,
                        "startColumn": 4,
                        "startOffset": 500,
                        "endColumn": 111,
                        "endOffset": 607
                    }
                }
            },
            {
                "to": {
                    "startLine": 7,
                    "startColumn": 4,
                    "startOffset": 612,
                    "endColumn": 86,
                    "endOffset": 694
                },
                "from": {
                    "file": "H:\\1.Education\\Academic\\2.2\\5.SD 3\\RuposhiBarisal\\app\\build\\intermediates\\exploded-aar\\com.android.support\\appcompat-v7\\25.0.1\\res\\values-sq-rAL\\values-sq-rAL.xml",
                    "position": {
                        "startLine": 7,
                        "startColumn": 4,
                        "startOffset": 612,
                        "endColumn": 86,
                        "endOffset": 694
                    }
                }
            },
            {
                "to": {
                    "startLine": 8,
                    "startColumn": 4,
                    "startOffset": 699,
                    "endColumn": 109,
                    "endOffset": 804
                },
                "from": {
                    "file": "H:\\1.Education\\Academic\\2.2\\5.SD 3\\RuposhiBarisal\\app\\build\\intermediates\\exploded-aar\\com.android.support\\appcompat-v7\\25.0.1\\res\\values-sq-rAL\\values-sq-rAL.xml",
                    "position": {
                        "startLine": 8,
                        "startColumn": 4,
                        "startOffset": 699,
                        "endColumn": 109,
                        "endOffset": 804
                    }
                }
            },
            {
                "to": {
                    "startLine": 9,
                    "startColumn": 4,
                    "startOffset": 809,
                    "endColumn": 122,
                    "endOffset": 927
                },
                "from": {
                    "file": "H:\\1.Education\\Academic\\2.2\\5.SD 3\\RuposhiBarisal\\app\\build\\intermediates\\exploded-aar\\com.android.support\\appcompat-v7\\25.0.1\\res\\values-sq-rAL\\values-sq-rAL.xml",
                    "position": {
                        "startLine": 9,
                        "startColumn": 4,
                        "startOffset": 809,
                        "endColumn": 122,
                        "endOffset": 927
                    }
                }
            },
            {
                "to": {
                    "startLine": 10,
                    "startColumn": 4,
                    "startOffset": 932,
                    "endColumn": 80,
                    "endOffset": 1008
                },
                "from": {
                    "file": "H:\\1.Education\\Academic\\2.2\\5.SD 3\\RuposhiBarisal\\app\\build\\intermediates\\exploded-aar\\com.android.support\\appcompat-v7\\25.0.1\\res\\values-sq-rAL\\values-sq-rAL.xml",
                    "position": {
                        "startLine": 10,
                        "startColumn": 4,
                        "startOffset": 932,
                        "endColumn": 80,
                        "endOffset": 1008
                    }
                }
            },
            {
                "to": {
                    "startLine": 11,
                    "startColumn": 4,
                    "startOffset": 1013,
                    "endColumn": 78,
                    "endOffset": 1087
                },
                "from": {
                    "file": "H:\\1.Education\\Academic\\2.2\\5.SD 3\\RuposhiBarisal\\app\\build\\intermediates\\exploded-aar\\com.android.support\\appcompat-v7\\25.0.1\\res\\values-sq-rAL\\values-sq-rAL.xml",
                    "position": {
                        "startLine": 11,
                        "startColumn": 4,
                        "startOffset": 1013,
                        "endColumn": 78,
                        "endOffset": 1087
                    }
                }
            },
            {
                "to": {
                    "startLine": 12,
                    "startColumn": 4,
                    "startOffset": 1092,
                    "endColumn": 82,
                    "endOffset": 1170
                },
                "from": {
                    "file": "H:\\1.Education\\Academic\\2.2\\5.SD 3\\RuposhiBarisal\\app\\build\\intermediates\\exploded-aar\\com.android.support\\appcompat-v7\\25.0.1\\res\\values-sq-rAL\\values-sq-rAL.xml",
                    "position": {
                        "startLine": 12,
                        "startColumn": 4,
                        "startOffset": 1092,
                        "endColumn": 82,
                        "endOffset": 1170
                    }
                }
            },
            {
                "to": {
                    "startLine": 13,
                    "startColumn": 4,
                    "startOffset": 1175,
                    "endColumn": 105,
                    "endOffset": 1276
                },
                "from": {
                    "file": "H:\\1.Education\\Academic\\2.2\\5.SD 3\\RuposhiBarisal\\app\\build\\intermediates\\exploded-aar\\com.android.support\\appcompat-v7\\25.0.1\\res\\values-sq-rAL\\values-sq-rAL.xml",
                    "position": {
                        "startLine": 13,
                        "startColumn": 4,
                        "startOffset": 1175,
                        "endColumn": 105,
                        "endOffset": 1276
                    }
                }
            },
            {
                "to": {
                    "startLine": 14,
                    "startColumn": 4,
                    "startOffset": 1281,
                    "endColumn": 104,
                    "endOffset": 1381
                },
                "from": {
                    "file": "H:\\1.Education\\Academic\\2.2\\5.SD 3\\RuposhiBarisal\\app\\build\\intermediates\\exploded-aar\\com.android.support\\appcompat-v7\\25.0.1\\res\\values-sq-rAL\\values-sq-rAL.xml",
                    "position": {
                        "startLine": 14,
                        "startColumn": 4,
                        "startOffset": 1281,
                        "endColumn": 104,
                        "endOffset": 1381
                    }
                }
            },
            {
                "to": {
                    "startLine": 15,
                    "startColumn": 4,
                    "startOffset": 1386,
                    "endColumn": 97,
                    "endOffset": 1479
                },
                "from": {
                    "file": "H:\\1.Education\\Academic\\2.2\\5.SD 3\\RuposhiBarisal\\app\\build\\intermediates\\exploded-aar\\com.android.support\\appcompat-v7\\25.0.1\\res\\values-sq-rAL\\values-sq-rAL.xml",
                    "position": {
                        "startLine": 15,
                        "startColumn": 4,
                        "startOffset": 1386,
                        "endColumn": 97,
                        "endOffset": 1479
                    }
                }
            },
            {
                "to": {
                    "startLine": 16,
                    "startColumn": 4,
                    "startOffset": 1484,
                    "endColumn": 105,
                    "endOffset": 1585
                },
                "from": {
                    "file": "H:\\1.Education\\Academic\\2.2\\5.SD 3\\RuposhiBarisal\\app\\build\\intermediates\\exploded-aar\\com.android.support\\appcompat-v7\\25.0.1\\res\\values-sq-rAL\\values-sq-rAL.xml",
                    "position": {
                        "startLine": 16,
                        "startColumn": 4,
                        "startOffset": 1484,
                        "endColumn": 105,
                        "endOffset": 1585
                    }
                }
            },
            {
                "to": {
                    "startLine": 17,
                    "startColumn": 4,
                    "startOffset": 1590,
                    "endColumn": 102,
                    "endOffset": 1688
                },
                "from": {
                    "file": "H:\\1.Education\\Academic\\2.2\\5.SD 3\\RuposhiBarisal\\app\\build\\intermediates\\exploded-aar\\com.android.support\\appcompat-v7\\25.0.1\\res\\values-sq-rAL\\values-sq-rAL.xml",
                    "position": {
                        "startLine": 17,
                        "startColumn": 4,
                        "startOffset": 1590,
                        "endColumn": 102,
                        "endOffset": 1688
                    }
                }
            },
            {
                "to": {
                    "startLine": 18,
                    "startColumn": 4,
                    "startOffset": 1693,
                    "endColumn": 115,
                    "endOffset": 1804
                },
                "from": {
                    "file": "H:\\1.Education\\Academic\\2.2\\5.SD 3\\RuposhiBarisal\\app\\build\\intermediates\\exploded-aar\\com.android.support\\appcompat-v7\\25.0.1\\res\\values-sq-rAL\\values-sq-rAL.xml",
                    "position": {
                        "startLine": 18,
                        "startColumn": 4,
                        "startOffset": 1693,
                        "endColumn": 115,
                        "endOffset": 1804
                    }
                }
            },
            {
                "to": {
                    "startLine": 19,
                    "startColumn": 4,
                    "startOffset": 1809,
                    "endColumn": 130,
                    "endOffset": 1935
                },
                "from": {
                    "file": "H:\\1.Education\\Academic\\2.2\\5.SD 3\\RuposhiBarisal\\app\\build\\intermediates\\exploded-aar\\com.android.support\\appcompat-v7\\25.0.1\\res\\values-sq-rAL\\values-sq-rAL.xml",
                    "position": {
                        "startLine": 19,
                        "startColumn": 4,
                        "startOffset": 1809,
                        "endColumn": 130,
                        "endOffset": 1935
                    }
                }
            },
            {
                "to": {
                    "startLine": 20,
                    "startColumn": 4,
                    "startOffset": 1940,
                    "endColumn": 98,
                    "endOffset": 2034
                },
                "from": {
                    "file": "H:\\1.Education\\Academic\\2.2\\5.SD 3\\RuposhiBarisal\\app\\build\\intermediates\\exploded-aar\\com.android.support\\appcompat-v7\\25.0.1\\res\\values-sq-rAL\\values-sq-rAL.xml",
                    "position": {
                        "startLine": 20,
                        "startColumn": 4,
                        "startOffset": 1940,
                        "endColumn": 98,
                        "endOffset": 2034
                    }
                }
            },
            {
                "to": {
                    "startLine": 21,
                    "startColumn": 4,
                    "startOffset": 2039,
                    "endColumn": 80,
                    "endOffset": 2115
                },
                "from": {
                    "file": "H:\\1.Education\\Academic\\2.2\\5.SD 3\\RuposhiBarisal\\app\\build\\intermediates\\exploded-aar\\com.android.support\\appcompat-v7\\25.0.1\\res\\values-sq-rAL\\values-sq-rAL.xml",
                    "position": {
                        "startLine": 21,
                        "startColumn": 4,
                        "startOffset": 2039,
                        "endColumn": 80,
                        "endOffset": 2115
                    }
                }
            },
            {
                "to": {
                    "startLine": 22,
                    "startColumn": 4,
                    "startOffset": 2120,
                    "endColumn": 100,
                    "endOffset": 2216
                },
                "from": {
                    "file": "H:\\1.Education\\Academic\\2.2\\5.SD 3\\RuposhiBarisal\\app\\build\\intermediates\\exploded-aar\\com.android.support\\appcompat-v7\\25.0.1\\res\\values-sq-rAL\\values-sq-rAL.xml",
                    "position": {
                        "startLine": 22,
                        "startColumn": 4,
                        "startOffset": 2120,
                        "endColumn": 100,
                        "endOffset": 2216
                    }
                }
            }
        ]
    }
]