[
    {
        "outputFile": "H:\\1.Education\\Academic\\2.2\\5.SD 3\\RuposhiBarisal\\app\\build\\intermediates\\incremental\\mergeDebugResources\\merged.dir\\values-v25\\values-v25.xml",
        "map": [
            {
                "to": {
                    "startLine": 2,
                    "startColumn": 4,
                    "startOffset": 55,
                    "endColumn": 70,
                    "endOffset": 121
                },
                "from": {
                    "file": "H:\\1.Education\\Academic\\2.2\\5.SD 3\\RuposhiBarisal\\app\\build\\intermediates\\exploded-aar\\com.android.support\\appcompat-v7\\25.0.1\\res\\values-v25\\values-v25.xml",
                    "position": {
                        "startLine": 2,
                        "startColumn": 4,
                        "startOffset": 55,
                        "endColumn": 70,
                        "endOffset": 121
                    }
                }
            },
            {
                "to": {
                    "startLine": 3,
                    "startColumn": 4,
                    "startOffset": 126,
                    "endColumn": 82,
                    "endOffset": 204
                },
                "from": {
                    "file": "H:\\1.Education\\Academic\\2.2\\5.SD 3\\RuposhiBarisal\\app\\build\\intermediates\\exploded-aar\\com.android.support\\appcompat-v7\\25.0.1\\res\\values-v25\\values-v25.xml",
                    "position": {
                        "startLine": 3,
                        "startColumn": 4,
                        "startOffset": 126,
                        "endColumn": 82,
                        "endOffset": 204
                    }
                }
            },
            {
                "to": {
                    "startLine": 4,
                    "startColumn": 4,
                    "startOffset": 209,
                    "endLine": 5,
                    "endColumn": 12,
                    "endOffset": 303
                },
                "from": {
                    "file": "H:\\1.Education\\Academic\\2.2\\5.SD 3\\RuposhiBarisal\\app\\build\\intermediates\\exploded-aar\\com.android.support\\appcompat-v7\\25.0.1\\res\\values-v25\\values-v25.xml",
                    "position": {
                        "startLine": 4,
                        "startColumn": 4,
                        "startOffset": 209,
                        "endLine": 5,
                        "endColumn": 12,
                        "endOffset": 303
                    }
                }
            },
            {
                "to": {
                    "startLine": 6,
                    "startColumn": 4,
                    "startOffset": 308,
                    "endLine": 7,
                    "endColumn": 12,
                    "endOffset": 414
                },
                "from": {
                    "file": "H:\\1.Education\\Academic\\2.2\\5.SD 3\\RuposhiBarisal\\app\\build\\intermediates\\exploded-aar\\com.android.support\\appcompat-v7\\25.0.1\\res\\values-v25\\values-v25.xml",
                    "position": {
                        "startLine": 6,
                        "startColumn": 4,
                        "startOffset": 308,
                        "endLine": 7,
                        "endColumn": 12,
                        "endOffset": 414
                    }
                }
            }
        ]
    }
]