[
    {
        "outputFile": "H:\\1.Education\\Academic\\2.2\\5.SD 3\\RuposhiBarisal\\app\\build\\intermediates\\incremental\\mergeDebugResources\\merged.dir\\values-hr\\values-hr.xml",
        "map": [
            {
                "to": {
                    "startLine": 2,
                    "startColumn": 4,
                    "startOffset": 55,
                    "endColumn": 104,
                    "endOffset": 155
                },
                "from": {
                    "file": "H:\\1.Education\\Academic\\2.2\\5.SD 3\\RuposhiBarisal\\app\\build\\intermediates\\exploded-aar\\com.android.support\\appcompat-v7\\25.0.1\\res\\values-hr\\values-hr.xml",
                    "position": {
                        "startLine": 2,
                        "startColumn": 4,
                        "startOffset": 55,
                        "endColumn": 104,
                        "endOffset": 155
                    }
                }
            },
            {
                "to": {
                    "startLine": 3,
                    "startColumn": 4,
                    "startOffset": 160,
                    "endColumn": 107,
                    "endOffset": 263
                },
                "from": {
                    "file": "H:\\1.Education\\Academic\\2.2\\5.SD 3\\RuposhiBarisal\\app\\build\\intermediates\\exploded-aar\\com.android.support\\appcompat-v7\\25.0.1\\res\\values-hr\\values-hr.xml",
                    "position": {
                        "startLine": 3,
                        "startColumn": 4,
                        "startOffset": 160,
                        "endColumn": 107,
                        "endOffset": 263
                    }
                }
            },
            {
                "to": {
                    "startLine": 4,
                    "startColumn": 4,
                    "startOffset": 268,
                    "endColumn": 122,
                    "endOffset": 386
                },
                "from": {
                    "file": "H:\\1.Education\\Academic\\2.2\\5.SD 3\\RuposhiBarisal\\app\\build\\intermediates\\exploded-aar\\com.android.support\\appcompat-v7\\25.0.1\\res\\values-hr\\values-hr.xml",
                    "position": {
                        "startLine": 4,
                        "startColumn": 4,
                        "startOffset": 268,
                        "endColumn": 122,
                        "endOffset": 386
                    }
                }
            },
            {
                "to": {
                    "startLine": 5,
                    "startColumn": 4,
                    "startOffset": 391,
                    "endColumn": 96,
                    "endOffset": 483
                },
                "from": {
                    "file": "H:\\1.Education\\Academic\\2.2\\5.SD 3\\RuposhiBarisal\\app\\build\\intermediates\\exploded-aar\\com.android.support\\appcompat-v7\\25.0.1\\res\\values-hr\\values-hr.xml",
                    "position": {
                        "startLine": 5,
                        "startColumn": 4,
                        "startOffset": 391,
                        "endColumn": 96,
                        "endOffset": 483
                    }
                }
            },
            {
                "to": {
                    "startLine": 6,
                    "startColumn": 4,
                    "startOffset": 488,
                    "endColumn": 109,
                    "endOffset": 593
                },
                "from": {
                    "file": "H:\\1.Education\\Academic\\2.2\\5.SD 3\\RuposhiBarisal\\app\\build\\intermediates\\exploded-aar\\com.android.support\\appcompat-v7\\25.0.1\\res\\values-hr\\values-hr.xml",
                    "position": {
                        "startLine": 6,
                        "startColumn": 4,
                        "startOffset": 488,
                        "endColumn": 109,
                        "endOffset": 593
                    }
                }
            },
            {
                "to": {
                    "startLine": 7,
                    "startColumn": 4,
                    "startOffset": 598,
                    "endColumn": 85,
                    "endOffset": 679
                },
                "from": {
                    "file": "H:\\1.Education\\Academic\\2.2\\5.SD 3\\RuposhiBarisal\\app\\build\\intermediates\\exploded-aar\\com.android.support\\appcompat-v7\\25.0.1\\res\\values-hr\\values-hr.xml",
                    "position": {
                        "startLine": 7,
                        "startColumn": 4,
                        "startOffset": 598,
                        "endColumn": 85,
                        "endOffset": 679
                    }
                }
            },
            {
                "to": {
                    "startLine": 8,
                    "startColumn": 4,
                    "startOffset": 684,
                    "endColumn": 103,
                    "endOffset": 783
                },
                "from": {
                    "file": "H:\\1.Education\\Academic\\2.2\\5.SD 3\\RuposhiBarisal\\app\\build\\intermediates\\exploded-aar\\com.android.support\\appcompat-v7\\25.0.1\\res\\values-hr\\values-hr.xml",
                    "position": {
                        "startLine": 8,
                        "startColumn": 4,
                        "startOffset": 684,
                        "endColumn": 103,
                        "endOffset": 783
                    }
                }
            },
            {
                "to": {
                    "startLine": 9,
                    "startColumn": 4,
                    "startOffset": 788,
                    "endColumn": 118,
                    "endOffset": 902
                },
                "from": {
                    "file": "H:\\1.Education\\Academic\\2.2\\5.SD 3\\RuposhiBarisal\\app\\build\\intermediates\\exploded-aar\\com.android.support\\appcompat-v7\\25.0.1\\res\\values-hr\\values-hr.xml",
                    "position": {
                        "startLine": 9,
                        "startColumn": 4,
                        "startOffset": 788,
                        "endColumn": 118,
                        "endOffset": 902
                    }
                }
            },
            {
                "to": {
                    "startLine": 10,
                    "startColumn": 4,
                    "startOffset": 907,
                    "endColumn": 83,
                    "endOffset": 986
                },
                "from": {
                    "file": "H:\\1.Education\\Academic\\2.2\\5.SD 3\\RuposhiBarisal\\app\\build\\intermediates\\exploded-aar\\com.android.support\\appcompat-v7\\25.0.1\\res\\values-hr\\values-hr.xml",
                    "position": {
                        "startLine": 10,
                        "startColumn": 4,
                        "startOffset": 907,
                        "endColumn": 83,
                        "endOffset": 986
                    }
                }
            },
            {
                "to": {
                    "startLine": 11,
                    "startColumn": 4,
                    "startOffset": 991,
                    "endColumn": 82,
                    "endOffset": 1069
                },
                "from": {
                    "file": "H:\\1.Education\\Academic\\2.2\\5.SD 3\\RuposhiBarisal\\app\\build\\intermediates\\exploded-aar\\com.android.support\\appcompat-v7\\25.0.1\\res\\values-hr\\values-hr.xml",
                    "position": {
                        "startLine": 11,
                        "startColumn": 4,
                        "startOffset": 991,
                        "endColumn": 82,
                        "endOffset": 1069
                    }
                }
            },
            {
                "to": {
                    "startLine": 12,
                    "startColumn": 4,
                    "startOffset": 1074,
                    "endColumn": 85,
                    "endOffset": 1155
                },
                "from": {
                    "file": "H:\\1.Education\\Academic\\2.2\\5.SD 3\\RuposhiBarisal\\app\\build\\intermediates\\exploded-aar\\com.android.support\\appcompat-v7\\25.0.1\\res\\values-hr\\values-hr.xml",
                    "position": {
                        "startLine": 12,
                        "startColumn": 4,
                        "startOffset": 1074,
                        "endColumn": 85,
                        "endOffset": 1155
                    }
                }
            },
            {
                "to": {
                    "startLine": 13,
                    "startColumn": 4,
                    "startOffset": 1160,
                    "endColumn": 103,
                    "endOffset": 1259
                },
                "from": {
                    "file": "H:\\1.Education\\Academic\\2.2\\5.SD 3\\RuposhiBarisal\\app\\build\\intermediates\\exploded-aar\\com.android.support\\appcompat-v7\\25.0.1\\res\\values-hr\\values-hr.xml",
                    "position": {
                        "startLine": 13,
                        "startColumn": 4,
                        "startOffset": 1160,
                        "endColumn": 103,
                        "endOffset": 1259
                    }
                }
            },
            {
                "to": {
                    "startLine": 14,
                    "startColumn": 4,
                    "startOffset": 1264,
                    "endColumn": 112,
                    "endOffset": 1372
                },
                "from": {
                    "file": "H:\\1.Education\\Academic\\2.2\\5.SD 3\\RuposhiBarisal\\app\\build\\intermediates\\exploded-aar\\com.android.support\\appcompat-v7\\25.0.1\\res\\values-hr\\values-hr.xml",
                    "position": {
                        "startLine": 14,
                        "startColumn": 4,
                        "startOffset": 1264,
                        "endColumn": 112,
                        "endOffset": 1372
                    }
                }
            },
            {
                "to": {
                    "startLine": 15,
                    "startColumn": 4,
                    "startOffset": 1377,
                    "endColumn": 105,
                    "endOffset": 1478
                },
                "from": {
                    "file": "H:\\1.Education\\Academic\\2.2\\5.SD 3\\RuposhiBarisal\\app\\build\\intermediates\\exploded-aar\\com.android.support\\appcompat-v7\\25.0.1\\res\\values-hr\\values-hr.xml",
                    "position": {
                        "startLine": 15,
                        "startColumn": 4,
                        "startOffset": 1377,
                        "endColumn": 105,
                        "endOffset": 1478
                    }
                }
            },
            {
                "to": {
                    "startLine": 16,
                    "startColumn": 4,
                    "startOffset": 1483,
                    "endColumn": 104,
                    "endOffset": 1583
                },
                "from": {
                    "file": "H:\\1.Education\\Academic\\2.2\\5.SD 3\\RuposhiBarisal\\app\\build\\intermediates\\exploded-aar\\com.android.support\\appcompat-v7\\25.0.1\\res\\values-hr\\values-hr.xml",
                    "position": {
                        "startLine": 16,
                        "startColumn": 4,
                        "startOffset": 1483,
                        "endColumn": 104,
                        "endOffset": 1583
                    }
                }
            },
            {
                "to": {
                    "startLine": 17,
                    "startColumn": 4,
                    "startOffset": 1588,
                    "endColumn": 112,
                    "endOffset": 1696
                },
                "from": {
                    "file": "H:\\1.Education\\Academic\\2.2\\5.SD 3\\RuposhiBarisal\\app\\build\\intermediates\\exploded-aar\\com.android.support\\appcompat-v7\\25.0.1\\res\\values-hr\\values-hr.xml",
                    "position": {
                        "startLine": 17,
                        "startColumn": 4,
                        "startOffset": 1588,
                        "endColumn": 112,
                        "endOffset": 1696
                    }
                }
            },
            {
                "to": {
                    "startLine": 18,
                    "startColumn": 4,
                    "startOffset": 1701,
                    "endColumn": 106,
                    "endOffset": 1803
                },
                "from": {
                    "file": "H:\\1.Education\\Academic\\2.2\\5.SD 3\\RuposhiBarisal\\app\\build\\intermediates\\exploded-aar\\com.android.support\\appcompat-v7\\25.0.1\\res\\values-hr\\values-hr.xml",
                    "position": {
                        "startLine": 18,
                        "startColumn": 4,
                        "startOffset": 1701,
                        "endColumn": 106,
                        "endOffset": 1803
                    }
                }
            },
            {
                "to": {
                    "startLine": 19,
                    "startColumn": 4,
                    "startOffset": 1808,
                    "endColumn": 122,
                    "endOffset": 1926
                },
                "from": {
                    "file": "H:\\1.Education\\Academic\\2.2\\5.SD 3\\RuposhiBarisal\\app\\build\\intermediates\\exploded-aar\\com.android.support\\appcompat-v7\\25.0.1\\res\\values-hr\\values-hr.xml",
                    "position": {
                        "startLine": 19,
                        "startColumn": 4,
                        "startOffset": 1808,
                        "endColumn": 122,
                        "endOffset": 1926
                    }
                }
            },
            {
                "to": {
                    "startLine": 20,
                    "startColumn": 4,
                    "startOffset": 1931,
                    "endColumn": 96,
                    "endOffset": 2023
                },
                "from": {
                    "file": "H:\\1.Education\\Academic\\2.2\\5.SD 3\\RuposhiBarisal\\app\\build\\intermediates\\exploded-aar\\com.android.support\\appcompat-v7\\25.0.1\\res\\values-hr\\values-hr.xml",
                    "position": {
                        "startLine": 20,
                        "startColumn": 4,
                        "startOffset": 1931,
                        "endColumn": 96,
                        "endOffset": 2023
                    }
                }
            },
            {
                "to": {
                    "startLine": 21,
                    "startColumn": 4,
                    "startOffset": 2028,
                    "endColumn": 88,
                    "endOffset": 2112
                },
                "from": {
                    "file": "H:\\1.Education\\Academic\\2.2\\5.SD 3\\RuposhiBarisal\\app\\build\\intermediates\\exploded-aar\\com.android.support\\appcompat-v7\\25.0.1\\res\\values-hr\\values-hr.xml",
                    "position": {
                        "startLine": 21,
                        "startColumn": 4,
                        "startOffset": 2028,
                        "endColumn": 88,
                        "endOffset": 2112
                    }
                }
            },
            {
                "to": {
                    "startLine": 22,
                    "startColumn": 4,
                    "startOffset": 2117,
                    "endColumn": 100,
                    "endOffset": 2213
                },
                "from": {
                    "file": "H:\\1.Education\\Academic\\2.2\\5.SD 3\\RuposhiBarisal\\app\\build\\intermediates\\exploded-aar\\com.android.support\\appcompat-v7\\25.0.1\\res\\values-hr\\values-hr.xml",
                    "position": {
                        "startLine": 22,
                        "startColumn": 4,
                        "startOffset": 2117,
                        "endColumn": 100,
                        "endOffset": 2213
                    }
                }
            }
        ]
    }
]