[
    {
        "outputFile": "H:\\1.Education\\Academic\\2.2\\5.SD 3\\RuposhiBarisal\\app\\build\\intermediates\\incremental\\mergeDebugResources\\merged.dir\\values-bg\\values-bg.xml",
        "map": [
            {
                "to": {
                    "startLine": 2,
                    "startColumn": 4,
                    "startOffset": 55,
                    "endColumn": 114,
                    "endOffset": 165
                },
                "from": {
                    "file": "H:\\1.Education\\Academic\\2.2\\5.SD 3\\RuposhiBarisal\\app\\build\\intermediates\\exploded-aar\\com.android.support\\appcompat-v7\\25.0.1\\res\\values-bg\\values-bg.xml",
                    "position": {
                        "startLine": 2,
                        "startColumn": 4,
                        "startOffset": 55,
                        "endColumn": 114,
                        "endOffset": 165
                    }
                }
            },
            {
                "to": {
                    "startLine": 3,
                    "startColumn": 4,
                    "startOffset": 170,
                    "endColumn": 110,
                    "endOffset": 276
                },
                "from": {
                    "file": "H:\\1.Education\\Academic\\2.2\\5.SD 3\\RuposhiBarisal\\app\\build\\intermediates\\exploded-aar\\com.android.support\\appcompat-v7\\25.0.1\\res\\values-bg\\values-bg.xml",
                    "position": {
                        "startLine": 3,
                        "startColumn": 4,
                        "startOffset": 170,
                        "endColumn": 110,
                        "endOffset": 276
                    }
                }
            },
            {
                "to": {
                    "startLine": 4,
                    "startColumn": 4,
                    "startOffset": 281,
                    "endColumn": 127,
                    "endOffset": 404
                },
                "from": {
                    "file": "H:\\1.Education\\Academic\\2.2\\5.SD 3\\RuposhiBarisal\\app\\build\\intermediates\\exploded-aar\\com.android.support\\appcompat-v7\\25.0.1\\res\\values-bg\\values-bg.xml",
                    "position": {
                        "startLine": 4,
                        "startColumn": 4,
                        "startOffset": 281,
                        "endColumn": 127,
                        "endOffset": 404
                    }
                }
            },
            {
                "to": {
                    "startLine": 5,
                    "startColumn": 4,
                    "startOffset": 409,
                    "endColumn": 106,
                    "endOffset": 511
                },
                "from": {
                    "file": "H:\\1.Education\\Academic\\2.2\\5.SD 3\\RuposhiBarisal\\app\\build\\intermediates\\exploded-aar\\com.android.support\\appcompat-v7\\25.0.1\\res\\values-bg\\values-bg.xml",
                    "position": {
                        "startLine": 5,
                        "startColumn": 4,
                        "startOffset": 409,
                        "endColumn": 106,
                        "endOffset": 511
                    }
                }
            },
            {
                "to": {
                    "startLine": 6,
                    "startColumn": 4,
                    "startOffset": 516,
                    "endColumn": 104,
                    "endOffset": 616
                },
                "from": {
                    "file": "H:\\1.Education\\Academic\\2.2\\5.SD 3\\RuposhiBarisal\\app\\build\\intermediates\\exploded-aar\\com.android.support\\appcompat-v7\\25.0.1\\res\\values-bg\\values-bg.xml",
                    "position": {
                        "startLine": 6,
                        "startColumn": 4,
                        "startOffset": 516,
                        "endColumn": 104,
                        "endOffset": 616
                    }
                }
            },
            {
                "to": {
                    "startLine": 7,
                    "startColumn": 4,
                    "startOffset": 621,
                    "endColumn": 85,
                    "endOffset": 702
                },
                "from": {
                    "file": "H:\\1.Education\\Academic\\2.2\\5.SD 3\\RuposhiBarisal\\app\\build\\intermediates\\exploded-aar\\com.android.support\\appcompat-v7\\25.0.1\\res\\values-bg\\values-bg.xml",
                    "position": {
                        "startLine": 7,
                        "startColumn": 4,
                        "startOffset": 621,
                        "endColumn": 85,
                        "endOffset": 702
                    }
                }
            },
            {
                "to": {
                    "startLine": 8,
                    "startColumn": 4,
                    "startOffset": 707,
                    "endColumn": 104,
                    "endOffset": 807
                },
                "from": {
                    "file": "H:\\1.Education\\Academic\\2.2\\5.SD 3\\RuposhiBarisal\\app\\build\\intermediates\\exploded-aar\\com.android.support\\appcompat-v7\\25.0.1\\res\\values-bg\\values-bg.xml",
                    "position": {
                        "startLine": 8,
                        "startColumn": 4,
                        "startOffset": 707,
                        "endColumn": 104,
                        "endOffset": 807
                    }
                }
            },
            {
                "to": {
                    "startLine": 9,
                    "startColumn": 4,
                    "startOffset": 812,
                    "endColumn": 120,
                    "endOffset": 928
                },
                "from": {
                    "file": "H:\\1.Education\\Academic\\2.2\\5.SD 3\\RuposhiBarisal\\app\\build\\intermediates\\exploded-aar\\com.android.support\\appcompat-v7\\25.0.1\\res\\values-bg\\values-bg.xml",
                    "position": {
                        "startLine": 9,
                        "startColumn": 4,
                        "startOffset": 812,
                        "endColumn": 120,
                        "endOffset": 928
                    }
                }
            },
            {
                "to": {
                    "startLine": 10,
                    "startColumn": 4,
                    "startOffset": 933,
                    "endColumn": 78,
                    "endOffset": 1007
                },
                "from": {
                    "file": "H:\\1.Education\\Academic\\2.2\\5.SD 3\\RuposhiBarisal\\app\\build\\intermediates\\exploded-aar\\com.android.support\\appcompat-v7\\25.0.1\\res\\values-bg\\values-bg.xml",
                    "position": {
                        "startLine": 10,
                        "startColumn": 4,
                        "startOffset": 933,
                        "endColumn": 78,
                        "endOffset": 1007
                    }
                }
            },
            {
                "to": {
                    "startLine": 11,
                    "startColumn": 4,
                    "startOffset": 1012,
                    "endColumn": 77,
                    "endOffset": 1085
                },
                "from": {
                    "file": "H:\\1.Education\\Academic\\2.2\\5.SD 3\\RuposhiBarisal\\app\\build\\intermediates\\exploded-aar\\com.android.support\\appcompat-v7\\25.0.1\\res\\values-bg\\values-bg.xml",
                    "position": {
                        "startLine": 11,
                        "startColumn": 4,
                        "startOffset": 1012,
                        "endColumn": 77,
                        "endOffset": 1085
                    }
                }
            },
            {
                "to": {
                    "startLine": 12,
                    "startColumn": 4,
                    "startOffset": 1090,
                    "endColumn": 82,
                    "endOffset": 1168
                },
                "from": {
                    "file": "H:\\1.Education\\Academic\\2.2\\5.SD 3\\RuposhiBarisal\\app\\build\\intermediates\\exploded-aar\\com.android.support\\appcompat-v7\\25.0.1\\res\\values-bg\\values-bg.xml",
                    "position": {
                        "startLine": 12,
                        "startColumn": 4,
                        "startOffset": 1090,
                        "endColumn": 82,
                        "endOffset": 1168
                    }
                }
            },
            {
                "to": {
                    "startLine": 13,
                    "startColumn": 4,
                    "startOffset": 1173,
                    "endColumn": 113,
                    "endOffset": 1282
                },
                "from": {
                    "file": "H:\\1.Education\\Academic\\2.2\\5.SD 3\\RuposhiBarisal\\app\\build\\intermediates\\exploded-aar\\com.android.support\\appcompat-v7\\25.0.1\\res\\values-bg\\values-bg.xml",
                    "position": {
                        "startLine": 13,
                        "startColumn": 4,
                        "startOffset": 1173,
                        "endColumn": 113,
                        "endOffset": 1282
                    }
                }
            },
            {
                "to": {
                    "startLine": 14,
                    "startColumn": 4,
                    "startOffset": 1287,
                    "endColumn": 108,
                    "endOffset": 1391
                },
                "from": {
                    "file": "H:\\1.Education\\Academic\\2.2\\5.SD 3\\RuposhiBarisal\\app\\build\\intermediates\\exploded-aar\\com.android.support\\appcompat-v7\\25.0.1\\res\\values-bg\\values-bg.xml",
                    "position": {
                        "startLine": 14,
                        "startColumn": 4,
                        "startOffset": 1287,
                        "endColumn": 108,
                        "endOffset": 1391
                    }
                }
            },
            {
                "to": {
                    "startLine": 15,
                    "startColumn": 4,
                    "startOffset": 1396,
                    "endColumn": 99,
                    "endOffset": 1491
                },
                "from": {
                    "file": "H:\\1.Education\\Academic\\2.2\\5.SD 3\\RuposhiBarisal\\app\\build\\intermediates\\exploded-aar\\com.android.support\\appcompat-v7\\25.0.1\\res\\values-bg\\values-bg.xml",
                    "position": {
                        "startLine": 15,
                        "startColumn": 4,
                        "startOffset": 1396,
                        "endColumn": 99,
                        "endOffset": 1491
                    }
                }
            },
            {
                "to": {
                    "startLine": 16,
                    "startColumn": 4,
                    "startOffset": 1496,
                    "endColumn": 113,
                    "endOffset": 1605
                },
                "from": {
                    "file": "H:\\1.Education\\Academic\\2.2\\5.SD 3\\RuposhiBarisal\\app\\build\\intermediates\\exploded-aar\\com.android.support\\appcompat-v7\\25.0.1\\res\\values-bg\\values-bg.xml",
                    "position": {
                        "startLine": 16,
                        "startColumn": 4,
                        "startOffset": 1496,
                        "endColumn": 113,
                        "endOffset": 1605
                    }
                }
            },
            {
                "to": {
                    "startLine": 17,
                    "startColumn": 4,
                    "startOffset": 1610,
                    "endColumn": 105,
                    "endOffset": 1711
                },
                "from": {
                    "file": "H:\\1.Education\\Academic\\2.2\\5.SD 3\\RuposhiBarisal\\app\\build\\intermediates\\exploded-aar\\com.android.support\\appcompat-v7\\25.0.1\\res\\values-bg\\values-bg.xml",
                    "position": {
                        "startLine": 17,
                        "startColumn": 4,
                        "startOffset": 1610,
                        "endColumn": 105,
                        "endOffset": 1711
                    }
                }
            },
            {
                "to": {
                    "startLine": 18,
                    "startColumn": 4,
                    "startOffset": 1716,
                    "endColumn": 107,
                    "endOffset": 1819
                },
                "from": {
                    "file": "H:\\1.Education\\Academic\\2.2\\5.SD 3\\RuposhiBarisal\\app\\build\\intermediates\\exploded-aar\\com.android.support\\appcompat-v7\\25.0.1\\res\\values-bg\\values-bg.xml",
                    "position": {
                        "startLine": 18,
                        "startColumn": 4,
                        "startOffset": 1716,
                        "endColumn": 107,
                        "endOffset": 1819
                    }
                }
            },
            {
                "to": {
                    "startLine": 19,
                    "startColumn": 4,
                    "startOffset": 1824,
                    "endColumn": 122,
                    "endOffset": 1942
                },
                "from": {
                    "file": "H:\\1.Education\\Academic\\2.2\\5.SD 3\\RuposhiBarisal\\app\\build\\intermediates\\exploded-aar\\com.android.support\\appcompat-v7\\25.0.1\\res\\values-bg\\values-bg.xml",
                    "position": {
                        "startLine": 19,
                        "startColumn": 4,
                        "startOffset": 1824,
                        "endColumn": 122,
                        "endOffset": 1942
                    }
                }
            },
            {
                "to": {
                    "startLine": 20,
                    "startColumn": 4,
                    "startOffset": 1947,
                    "endColumn": 98,
                    "endOffset": 2041
                },
                "from": {
                    "file": "H:\\1.Education\\Academic\\2.2\\5.SD 3\\RuposhiBarisal\\app\\build\\intermediates\\exploded-aar\\com.android.support\\appcompat-v7\\25.0.1\\res\\values-bg\\values-bg.xml",
                    "position": {
                        "startLine": 20,
                        "startColumn": 4,
                        "startOffset": 1947,
                        "endColumn": 98,
                        "endOffset": 2041
                    }
                }
            },
            {
                "to": {
                    "startLine": 21,
                    "startColumn": 4,
                    "startOffset": 2046,
                    "endColumn": 82,
                    "endOffset": 2124
                },
                "from": {
                    "file": "H:\\1.Education\\Academic\\2.2\\5.SD 3\\RuposhiBarisal\\app\\build\\intermediates\\exploded-aar\\com.android.support\\appcompat-v7\\25.0.1\\res\\values-bg\\values-bg.xml",
                    "position": {
                        "startLine": 21,
                        "startColumn": 4,
                        "startOffset": 2046,
                        "endColumn": 82,
                        "endOffset": 2124
                    }
                }
            },
            {
                "to": {
                    "startLine": 22,
                    "startColumn": 4,
                    "startOffset": 2129,
                    "endColumn": 100,
                    "endOffset": 2225
                },
                "from": {
                    "file": "H:\\1.Education\\Academic\\2.2\\5.SD 3\\RuposhiBarisal\\app\\build\\intermediates\\exploded-aar\\com.android.support\\appcompat-v7\\25.0.1\\res\\values-bg\\values-bg.xml",
                    "position": {
                        "startLine": 22,
                        "startColumn": 4,
                        "startOffset": 2129,
                        "endColumn": 100,
                        "endOffset": 2225
                    }
                }
            }
        ]
    }
]