[
    {
        "outputFile": "H:\\1.Education\\Academic\\2.2\\5.SD 3\\RuposhiBarisal\\app\\build\\intermediates\\incremental\\mergeDebugResources\\merged.dir\\values-ka-rGE\\values-ka-rGE.xml",
        "map": [
            {
                "to": {
                    "startLine": 2,
                    "startColumn": 4,
                    "startOffset": 55,
                    "endColumn": 108,
                    "endOffset": 159
                },
                "from": {
                    "file": "H:\\1.Education\\Academic\\2.2\\5.SD 3\\RuposhiBarisal\\app\\build\\intermediates\\exploded-aar\\com.android.support\\appcompat-v7\\25.0.1\\res\\values-ka-rGE\\values-ka-rGE.xml",
                    "position": {
                        "startLine": 2,
                        "startColumn": 4,
                        "startOffset": 55,
                        "endColumn": 108,
                        "endOffset": 159
                    }
                }
            },
            {
                "to": {
                    "startLine": 3,
                    "startColumn": 4,
                    "startOffset": 164,
                    "endColumn": 107,
                    "endOffset": 267
                },
                "from": {
                    "file": "H:\\1.Education\\Academic\\2.2\\5.SD 3\\RuposhiBarisal\\app\\build\\intermediates\\exploded-aar\\com.android.support\\appcompat-v7\\25.0.1\\res\\values-ka-rGE\\values-ka-rGE.xml",
                    "position": {
                        "startLine": 3,
                        "startColumn": 4,
                        "startOffset": 164,
                        "endColumn": 107,
                        "endOffset": 267
                    }
                }
            },
            {
                "to": {
                    "startLine": 4,
                    "startColumn": 4,
                    "startOffset": 272,
                    "endColumn": 122,
                    "endOffset": 390
                },
                "from": {
                    "file": "H:\\1.Education\\Academic\\2.2\\5.SD 3\\RuposhiBarisal\\app\\build\\intermediates\\exploded-aar\\com.android.support\\appcompat-v7\\25.0.1\\res\\values-ka-rGE\\values-ka-rGE.xml",
                    "position": {
                        "startLine": 4,
                        "startColumn": 4,
                        "startOffset": 272,
                        "endColumn": 122,
                        "endOffset": 390
                    }
                }
            },
            {
                "to": {
                    "startLine": 5,
                    "startColumn": 4,
                    "startOffset": 395,
                    "endColumn": 103,
                    "endOffset": 494
                },
                "from": {
                    "file": "H:\\1.Education\\Academic\\2.2\\5.SD 3\\RuposhiBarisal\\app\\build\\intermediates\\exploded-aar\\com.android.support\\appcompat-v7\\25.0.1\\res\\values-ka-rGE\\values-ka-rGE.xml",
                    "position": {
                        "startLine": 5,
                        "startColumn": 4,
                        "startOffset": 395,
                        "endColumn": 103,
                        "endOffset": 494
                    }
                }
            },
            {
                "to": {
                    "startLine": 6,
                    "startColumn": 4,
                    "startOffset": 499,
                    "endColumn": 110,
                    "endOffset": 605
                },
                "from": {
                    "file": "H:\\1.Education\\Academic\\2.2\\5.SD 3\\RuposhiBarisal\\app\\build\\intermediates\\exploded-aar\\com.android.support\\appcompat-v7\\25.0.1\\res\\values-ka-rGE\\values-ka-rGE.xml",
                    "position": {
                        "startLine": 6,
                        "startColumn": 4,
                        "startOffset": 499,
                        "endColumn": 110,
                        "endOffset": 605
                    }
                }
            },
            {
                "to": {
                    "startLine": 7,
                    "startColumn": 4,
                    "startOffset": 610,
                    "endColumn": 87,
                    "endOffset": 693
                },
                "from": {
                    "file": "H:\\1.Education\\Academic\\2.2\\5.SD 3\\RuposhiBarisal\\app\\build\\intermediates\\exploded-aar\\com.android.support\\appcompat-v7\\25.0.1\\res\\values-ka-rGE\\values-ka-rGE.xml",
                    "position": {
                        "startLine": 7,
                        "startColumn": 4,
                        "startOffset": 610,
                        "endColumn": 87,
                        "endOffset": 693
                    }
                }
            },
            {
                "to": {
                    "startLine": 8,
                    "startColumn": 4,
                    "startOffset": 698,
                    "endColumn": 104,
                    "endOffset": 798
                },
                "from": {
                    "file": "H:\\1.Education\\Academic\\2.2\\5.SD 3\\RuposhiBarisal\\app\\build\\intermediates\\exploded-aar\\com.android.support\\appcompat-v7\\25.0.1\\res\\values-ka-rGE\\values-ka-rGE.xml",
                    "position": {
                        "startLine": 8,
                        "startColumn": 4,
                        "startOffset": 698,
                        "endColumn": 104,
                        "endOffset": 798
                    }
                }
            },
            {
                "to": {
                    "startLine": 9,
                    "startColumn": 4,
                    "startOffset": 803,
                    "endColumn": 112,
                    "endOffset": 911
                },
                "from": {
                    "file": "H:\\1.Education\\Academic\\2.2\\5.SD 3\\RuposhiBarisal\\app\\build\\intermediates\\exploded-aar\\com.android.support\\appcompat-v7\\25.0.1\\res\\values-ka-rGE\\values-ka-rGE.xml",
                    "position": {
                        "startLine": 9,
                        "startColumn": 4,
                        "startOffset": 803,
                        "endColumn": 112,
                        "endOffset": 911
                    }
                }
            },
            {
                "to": {
                    "startLine": 10,
                    "startColumn": 4,
                    "startOffset": 916,
                    "endColumn": 83,
                    "endOffset": 995
                },
                "from": {
                    "file": "H:\\1.Education\\Academic\\2.2\\5.SD 3\\RuposhiBarisal\\app\\build\\intermediates\\exploded-aar\\com.android.support\\appcompat-v7\\25.0.1\\res\\values-ka-rGE\\values-ka-rGE.xml",
                    "position": {
                        "startLine": 10,
                        "startColumn": 4,
                        "startOffset": 916,
                        "endColumn": 83,
                        "endOffset": 995
                    }
                }
            },
            {
                "to": {
                    "startLine": 11,
                    "startColumn": 4,
                    "startOffset": 1000,
                    "endColumn": 81,
                    "endOffset": 1077
                },
                "from": {
                    "file": "H:\\1.Education\\Academic\\2.2\\5.SD 3\\RuposhiBarisal\\app\\build\\intermediates\\exploded-aar\\com.android.support\\appcompat-v7\\25.0.1\\res\\values-ka-rGE\\values-ka-rGE.xml",
                    "position": {
                        "startLine": 11,
                        "startColumn": 4,
                        "startOffset": 1000,
                        "endColumn": 81,
                        "endOffset": 1077
                    }
                }
            },
            {
                "to": {
                    "startLine": 12,
                    "startColumn": 4,
                    "startOffset": 1082,
                    "endColumn": 82,
                    "endOffset": 1160
                },
                "from": {
                    "file": "H:\\1.Education\\Academic\\2.2\\5.SD 3\\RuposhiBarisal\\app\\build\\intermediates\\exploded-aar\\com.android.support\\appcompat-v7\\25.0.1\\res\\values-ka-rGE\\values-ka-rGE.xml",
                    "position": {
                        "startLine": 12,
                        "startColumn": 4,
                        "startOffset": 1082,
                        "endColumn": 82,
                        "endOffset": 1160
                    }
                }
            },
            {
                "to": {
                    "startLine": 13,
                    "startColumn": 4,
                    "startOffset": 1165,
                    "endColumn": 112,
                    "endOffset": 1273
                },
                "from": {
                    "file": "H:\\1.Education\\Academic\\2.2\\5.SD 3\\RuposhiBarisal\\app\\build\\intermediates\\exploded-aar\\com.android.support\\appcompat-v7\\25.0.1\\res\\values-ka-rGE\\values-ka-rGE.xml",
                    "position": {
                        "startLine": 13,
                        "startColumn": 4,
                        "startOffset": 1165,
                        "endColumn": 112,
                        "endOffset": 1273
                    }
                }
            },
            {
                "to": {
                    "startLine": 14,
                    "startColumn": 4,
                    "startOffset": 1278,
                    "endColumn": 106,
                    "endOffset": 1380
                },
                "from": {
                    "file": "H:\\1.Education\\Academic\\2.2\\5.SD 3\\RuposhiBarisal\\app\\build\\intermediates\\exploded-aar\\com.android.support\\appcompat-v7\\25.0.1\\res\\values-ka-rGE\\values-ka-rGE.xml",
                    "position": {
                        "startLine": 14,
                        "startColumn": 4,
                        "startOffset": 1278,
                        "endColumn": 106,
                        "endOffset": 1380
                    }
                }
            },
            {
                "to": {
                    "startLine": 15,
                    "startColumn": 4,
                    "startOffset": 1385,
                    "endColumn": 97,
                    "endOffset": 1478
                },
                "from": {
                    "file": "H:\\1.Education\\Academic\\2.2\\5.SD 3\\RuposhiBarisal\\app\\build\\intermediates\\exploded-aar\\com.android.support\\appcompat-v7\\25.0.1\\res\\values-ka-rGE\\values-ka-rGE.xml",
                    "position": {
                        "startLine": 15,
                        "startColumn": 4,
                        "startOffset": 1385,
                        "endColumn": 97,
                        "endOffset": 1478
                    }
                }
            },
            {
                "to": {
                    "startLine": 16,
                    "startColumn": 4,
                    "startOffset": 1483,
                    "endColumn": 112,
                    "endOffset": 1591
                },
                "from": {
                    "file": "H:\\1.Education\\Academic\\2.2\\5.SD 3\\RuposhiBarisal\\app\\build\\intermediates\\exploded-aar\\com.android.support\\appcompat-v7\\25.0.1\\res\\values-ka-rGE\\values-ka-rGE.xml",
                    "position": {
                        "startLine": 16,
                        "startColumn": 4,
                        "startOffset": 1483,
                        "endColumn": 112,
                        "endOffset": 1591
                    }
                }
            },
            {
                "to": {
                    "startLine": 17,
                    "startColumn": 4,
                    "startOffset": 1596,
                    "endColumn": 103,
                    "endOffset": 1695
                },
                "from": {
                    "file": "H:\\1.Education\\Academic\\2.2\\5.SD 3\\RuposhiBarisal\\app\\build\\intermediates\\exploded-aar\\com.android.support\\appcompat-v7\\25.0.1\\res\\values-ka-rGE\\values-ka-rGE.xml",
                    "position": {
                        "startLine": 17,
                        "startColumn": 4,
                        "startOffset": 1596,
                        "endColumn": 103,
                        "endOffset": 1695
                    }
                }
            },
            {
                "to": {
                    "startLine": 18,
                    "startColumn": 4,
                    "startOffset": 1700,
                    "endColumn": 103,
                    "endOffset": 1799
                },
                "from": {
                    "file": "H:\\1.Education\\Academic\\2.2\\5.SD 3\\RuposhiBarisal\\app\\build\\intermediates\\exploded-aar\\com.android.support\\appcompat-v7\\25.0.1\\res\\values-ka-rGE\\values-ka-rGE.xml",
                    "position": {
                        "startLine": 18,
                        "startColumn": 4,
                        "startOffset": 1700,
                        "endColumn": 103,
                        "endOffset": 1799
                    }
                }
            },
            {
                "to": {
                    "startLine": 19,
                    "startColumn": 4,
                    "startOffset": 1804,
                    "endColumn": 121,
                    "endOffset": 1921
                },
                "from": {
                    "file": "H:\\1.Education\\Academic\\2.2\\5.SD 3\\RuposhiBarisal\\app\\build\\intermediates\\exploded-aar\\com.android.support\\appcompat-v7\\25.0.1\\res\\values-ka-rGE\\values-ka-rGE.xml",
                    "position": {
                        "startLine": 19,
                        "startColumn": 4,
                        "startOffset": 1804,
                        "endColumn": 121,
                        "endOffset": 1921
                    }
                }
            },
            {
                "to": {
                    "startLine": 20,
                    "startColumn": 4,
                    "startOffset": 1926,
                    "endColumn": 97,
                    "endOffset": 2019
                },
                "from": {
                    "file": "H:\\1.Education\\Academic\\2.2\\5.SD 3\\RuposhiBarisal\\app\\build\\intermediates\\exploded-aar\\com.android.support\\appcompat-v7\\25.0.1\\res\\values-ka-rGE\\values-ka-rGE.xml",
                    "position": {
                        "startLine": 20,
                        "startColumn": 4,
                        "startOffset": 1926,
                        "endColumn": 97,
                        "endOffset": 2019
                    }
                }
            },
            {
                "to": {
                    "startLine": 21,
                    "startColumn": 4,
                    "startOffset": 2024,
                    "endColumn": 80,
                    "endOffset": 2100
                },
                "from": {
                    "file": "H:\\1.Education\\Academic\\2.2\\5.SD 3\\RuposhiBarisal\\app\\build\\intermediates\\exploded-aar\\com.android.support\\appcompat-v7\\25.0.1\\res\\values-ka-rGE\\values-ka-rGE.xml",
                    "position": {
                        "startLine": 21,
                        "startColumn": 4,
                        "startOffset": 2024,
                        "endColumn": 80,
                        "endOffset": 2100
                    }
                }
            },
            {
                "to": {
                    "startLine": 22,
                    "startColumn": 4,
                    "startOffset": 2105,
                    "endColumn": 100,
                    "endOffset": 2201
                },
                "from": {
                    "file": "H:\\1.Education\\Academic\\2.2\\5.SD 3\\RuposhiBarisal\\app\\build\\intermediates\\exploded-aar\\com.android.support\\appcompat-v7\\25.0.1\\res\\values-ka-rGE\\values-ka-rGE.xml",
                    "position": {
                        "startLine": 22,
                        "startColumn": 4,
                        "startOffset": 2105,
                        "endColumn": 100,
                        "endOffset": 2201
                    }
                }
            }
        ]
    }
]