[
    {
        "outputFile": "H:\\1.Education\\Academic\\2.2\\5.SD 3\\RuposhiBarisal\\app\\build\\intermediates\\incremental\\mergeDebugResources\\merged.dir\\values-gu-rIN\\values-gu-rIN.xml",
        "map": [
            {
                "to": {
                    "startLine": 2,
                    "startColumn": 4,
                    "startOffset": 55,
                    "endColumn": 108,
                    "endOffset": 159
                },
                "from": {
                    "file": "H:\\1.Education\\Academic\\2.2\\5.SD 3\\RuposhiBarisal\\app\\build\\intermediates\\exploded-aar\\com.android.support\\appcompat-v7\\25.0.1\\res\\values-gu-rIN\\values-gu-rIN.xml",
                    "position": {
                        "startLine": 2,
                        "startColumn": 4,
                        "startOffset": 55,
                        "endColumn": 108,
                        "endOffset": 159
                    }
                }
            },
            {
                "to": {
                    "startLine": 3,
                    "startColumn": 4,
                    "startOffset": 164,
                    "endColumn": 107,
                    "endOffset": 267
                },
                "from": {
                    "file": "H:\\1.Education\\Academic\\2.2\\5.SD 3\\RuposhiBarisal\\app\\build\\intermediates\\exploded-aar\\com.android.support\\appcompat-v7\\25.0.1\\res\\values-gu-rIN\\values-gu-rIN.xml",
                    "position": {
                        "startLine": 3,
                        "startColumn": 4,
                        "startOffset": 164,
                        "endColumn": 107,
                        "endOffset": 267
                    }
                }
            },
            {
                "to": {
                    "startLine": 4,
                    "startColumn": 4,
                    "startOffset": 272,
                    "endColumn": 122,
                    "endOffset": 390
                },
                "from": {
                    "file": "H:\\1.Education\\Academic\\2.2\\5.SD 3\\RuposhiBarisal\\app\\build\\intermediates\\exploded-aar\\com.android.support\\appcompat-v7\\25.0.1\\res\\values-gu-rIN\\values-gu-rIN.xml",
                    "position": {
                        "startLine": 4,
                        "startColumn": 4,
                        "startOffset": 272,
                        "endColumn": 122,
                        "endOffset": 390
                    }
                }
            },
            {
                "to": {
                    "startLine": 5,
                    "startColumn": 4,
                    "startOffset": 395,
                    "endColumn": 103,
                    "endOffset": 494
                },
                "from": {
                    "file": "H:\\1.Education\\Academic\\2.2\\5.SD 3\\RuposhiBarisal\\app\\build\\intermediates\\exploded-aar\\com.android.support\\appcompat-v7\\25.0.1\\res\\values-gu-rIN\\values-gu-rIN.xml",
                    "position": {
                        "startLine": 5,
                        "startColumn": 4,
                        "startOffset": 395,
                        "endColumn": 103,
                        "endOffset": 494
                    }
                }
            },
            {
                "to": {
                    "startLine": 6,
                    "startColumn": 4,
                    "startOffset": 499,
                    "endColumn": 106,
                    "endOffset": 601
                },
                "from": {
                    "file": "H:\\1.Education\\Academic\\2.2\\5.SD 3\\RuposhiBarisal\\app\\build\\intermediates\\exploded-aar\\com.android.support\\appcompat-v7\\25.0.1\\res\\values-gu-rIN\\values-gu-rIN.xml",
                    "position": {
                        "startLine": 6,
                        "startColumn": 4,
                        "startOffset": 499,
                        "endColumn": 106,
                        "endOffset": 601
                    }
                }
            },
            {
                "to": {
                    "startLine": 7,
                    "startColumn": 4,
                    "startOffset": 606,
                    "endColumn": 86,
                    "endOffset": 688
                },
                "from": {
                    "file": "H:\\1.Education\\Academic\\2.2\\5.SD 3\\RuposhiBarisal\\app\\build\\intermediates\\exploded-aar\\com.android.support\\appcompat-v7\\25.0.1\\res\\values-gu-rIN\\values-gu-rIN.xml",
                    "position": {
                        "startLine": 7,
                        "startColumn": 4,
                        "startOffset": 606,
                        "endColumn": 86,
                        "endOffset": 688
                    }
                }
            },
            {
                "to": {
                    "startLine": 8,
                    "startColumn": 4,
                    "startOffset": 693,
                    "endColumn": 100,
                    "endOffset": 789
                },
                "from": {
                    "file": "H:\\1.Education\\Academic\\2.2\\5.SD 3\\RuposhiBarisal\\app\\build\\intermediates\\exploded-aar\\com.android.support\\appcompat-v7\\25.0.1\\res\\values-gu-rIN\\values-gu-rIN.xml",
                    "position": {
                        "startLine": 8,
                        "startColumn": 4,
                        "startOffset": 693,
                        "endColumn": 100,
                        "endOffset": 789
                    }
                }
            },
            {
                "to": {
                    "startLine": 9,
                    "startColumn": 4,
                    "startOffset": 794,
                    "endColumn": 122,
                    "endOffset": 912
                },
                "from": {
                    "file": "H:\\1.Education\\Academic\\2.2\\5.SD 3\\RuposhiBarisal\\app\\build\\intermediates\\exploded-aar\\com.android.support\\appcompat-v7\\25.0.1\\res\\values-gu-rIN\\values-gu-rIN.xml",
                    "position": {
                        "startLine": 9,
                        "startColumn": 4,
                        "startOffset": 794,
                        "endColumn": 122,
                        "endOffset": 912
                    }
                }
            },
            {
                "to": {
                    "startLine": 10,
                    "startColumn": 4,
                    "startOffset": 917,
                    "endColumn": 76,
                    "endOffset": 989
                },
                "from": {
                    "file": "H:\\1.Education\\Academic\\2.2\\5.SD 3\\RuposhiBarisal\\app\\build\\intermediates\\exploded-aar\\com.android.support\\appcompat-v7\\25.0.1\\res\\values-gu-rIN\\values-gu-rIN.xml",
                    "position": {
                        "startLine": 10,
                        "startColumn": 4,
                        "startOffset": 917,
                        "endColumn": 76,
                        "endOffset": 989
                    }
                }
            },
            {
                "to": {
                    "startLine": 11,
                    "startColumn": 4,
                    "startOffset": 994,
                    "endColumn": 77,
                    "endOffset": 1067
                },
                "from": {
                    "file": "H:\\1.Education\\Academic\\2.2\\5.SD 3\\RuposhiBarisal\\app\\build\\intermediates\\exploded-aar\\com.android.support\\appcompat-v7\\25.0.1\\res\\values-gu-rIN\\values-gu-rIN.xml",
                    "position": {
                        "startLine": 11,
                        "startColumn": 4,
                        "startOffset": 994,
                        "endColumn": 77,
                        "endOffset": 1067
                    }
                }
            },
            {
                "to": {
                    "startLine": 12,
                    "startColumn": 4,
                    "startOffset": 1072,
                    "endColumn": 79,
                    "endOffset": 1147
                },
                "from": {
                    "file": "H:\\1.Education\\Academic\\2.2\\5.SD 3\\RuposhiBarisal\\app\\build\\intermediates\\exploded-aar\\com.android.support\\appcompat-v7\\25.0.1\\res\\values-gu-rIN\\values-gu-rIN.xml",
                    "position": {
                        "startLine": 12,
                        "startColumn": 4,
                        "startOffset": 1072,
                        "endColumn": 79,
                        "endOffset": 1147
                    }
                }
            },
            {
                "to": {
                    "startLine": 13,
                    "startColumn": 4,
                    "startOffset": 1152,
                    "endColumn": 105,
                    "endOffset": 1253
                },
                "from": {
                    "file": "H:\\1.Education\\Academic\\2.2\\5.SD 3\\RuposhiBarisal\\app\\build\\intermediates\\exploded-aar\\com.android.support\\appcompat-v7\\25.0.1\\res\\values-gu-rIN\\values-gu-rIN.xml",
                    "position": {
                        "startLine": 13,
                        "startColumn": 4,
                        "startOffset": 1152,
                        "endColumn": 105,
                        "endOffset": 1253
                    }
                }
            },
            {
                "to": {
                    "startLine": 14,
                    "startColumn": 4,
                    "startOffset": 1258,
                    "endColumn": 101,
                    "endOffset": 1355
                },
                "from": {
                    "file": "H:\\1.Education\\Academic\\2.2\\5.SD 3\\RuposhiBarisal\\app\\build\\intermediates\\exploded-aar\\com.android.support\\appcompat-v7\\25.0.1\\res\\values-gu-rIN\\values-gu-rIN.xml",
                    "position": {
                        "startLine": 14,
                        "startColumn": 4,
                        "startOffset": 1258,
                        "endColumn": 101,
                        "endOffset": 1355
                    }
                }
            },
            {
                "to": {
                    "startLine": 15,
                    "startColumn": 4,
                    "startOffset": 1360,
                    "endColumn": 96,
                    "endOffset": 1452
                },
                "from": {
                    "file": "H:\\1.Education\\Academic\\2.2\\5.SD 3\\RuposhiBarisal\\app\\build\\intermediates\\exploded-aar\\com.android.support\\appcompat-v7\\25.0.1\\res\\values-gu-rIN\\values-gu-rIN.xml",
                    "position": {
                        "startLine": 15,
                        "startColumn": 4,
                        "startOffset": 1360,
                        "endColumn": 96,
                        "endOffset": 1452
                    }
                }
            },
            {
                "to": {
                    "startLine": 16,
                    "startColumn": 4,
                    "startOffset": 1457,
                    "endColumn": 108,
                    "endOffset": 1561
                },
                "from": {
                    "file": "H:\\1.Education\\Academic\\2.2\\5.SD 3\\RuposhiBarisal\\app\\build\\intermediates\\exploded-aar\\com.android.support\\appcompat-v7\\25.0.1\\res\\values-gu-rIN\\values-gu-rIN.xml",
                    "position": {
                        "startLine": 16,
                        "startColumn": 4,
                        "startOffset": 1457,
                        "endColumn": 108,
                        "endOffset": 1561
                    }
                }
            },
            {
                "to": {
                    "startLine": 17,
                    "startColumn": 4,
                    "startOffset": 1566,
                    "endColumn": 98,
                    "endOffset": 1660
                },
                "from": {
                    "file": "H:\\1.Education\\Academic\\2.2\\5.SD 3\\RuposhiBarisal\\app\\build\\intermediates\\exploded-aar\\com.android.support\\appcompat-v7\\25.0.1\\res\\values-gu-rIN\\values-gu-rIN.xml",
                    "position": {
                        "startLine": 17,
                        "startColumn": 4,
                        "startOffset": 1566,
                        "endColumn": 98,
                        "endOffset": 1660
                    }
                }
            },
            {
                "to": {
                    "startLine": 18,
                    "startColumn": 4,
                    "startOffset": 1665,
                    "endColumn": 109,
                    "endOffset": 1770
                },
                "from": {
                    "file": "H:\\1.Education\\Academic\\2.2\\5.SD 3\\RuposhiBarisal\\app\\build\\intermediates\\exploded-aar\\com.android.support\\appcompat-v7\\25.0.1\\res\\values-gu-rIN\\values-gu-rIN.xml",
                    "position": {
                        "startLine": 18,
                        "startColumn": 4,
                        "startOffset": 1665,
                        "endColumn": 109,
                        "endOffset": 1770
                    }
                }
            },
            {
                "to": {
                    "startLine": 19,
                    "startColumn": 4,
                    "startOffset": 1775,
                    "endColumn": 120,
                    "endOffset": 1891
                },
                "from": {
                    "file": "H:\\1.Education\\Academic\\2.2\\5.SD 3\\RuposhiBarisal\\app\\build\\intermediates\\exploded-aar\\com.android.support\\appcompat-v7\\25.0.1\\res\\values-gu-rIN\\values-gu-rIN.xml",
                    "position": {
                        "startLine": 19,
                        "startColumn": 4,
                        "startOffset": 1775,
                        "endColumn": 120,
                        "endOffset": 1891
                    }
                }
            },
            {
                "to": {
                    "startLine": 20,
                    "startColumn": 4,
                    "startOffset": 1896,
                    "endColumn": 102,
                    "endOffset": 1994
                },
                "from": {
                    "file": "H:\\1.Education\\Academic\\2.2\\5.SD 3\\RuposhiBarisal\\app\\build\\intermediates\\exploded-aar\\com.android.support\\appcompat-v7\\25.0.1\\res\\values-gu-rIN\\values-gu-rIN.xml",
                    "position": {
                        "startLine": 20,
                        "startColumn": 4,
                        "startOffset": 1896,
                        "endColumn": 102,
                        "endOffset": 1994
                    }
                }
            },
            {
                "to": {
                    "startLine": 21,
                    "startColumn": 4,
                    "startOffset": 1999,
                    "endColumn": 79,
                    "endOffset": 2074
                },
                "from": {
                    "file": "H:\\1.Education\\Academic\\2.2\\5.SD 3\\RuposhiBarisal\\app\\build\\intermediates\\exploded-aar\\com.android.support\\appcompat-v7\\25.0.1\\res\\values-gu-rIN\\values-gu-rIN.xml",
                    "position": {
                        "startLine": 21,
                        "startColumn": 4,
                        "startOffset": 1999,
                        "endColumn": 79,
                        "endOffset": 2074
                    }
                }
            },
            {
                "to": {
                    "startLine": 22,
                    "startColumn": 4,
                    "startOffset": 2079,
                    "endColumn": 100,
                    "endOffset": 2175
                },
                "from": {
                    "file": "H:\\1.Education\\Academic\\2.2\\5.SD 3\\RuposhiBarisal\\app\\build\\intermediates\\exploded-aar\\com.android.support\\appcompat-v7\\25.0.1\\res\\values-gu-rIN\\values-gu-rIN.xml",
                    "position": {
                        "startLine": 22,
                        "startColumn": 4,
                        "startOffset": 2079,
                        "endColumn": 100,
                        "endOffset": 2175
                    }
                }
            }
        ]
    }
]