<?xml version="1.0" encoding="utf-8"?>
<merger version="3"><dataSet config="2.2.2$Generated" generated="true"><source path="H:\1.Education\Academic\2.2\5.SD 3\RuposhiBarisal\app\build\intermediates\exploded-aar\com.android.support.test.espresso\espresso-idling-resource\2.2.2\res"/></dataSet><dataSet config="0.5$Generated" generated="true"><source path="H:\1.Education\Academic\2.2\5.SD 3\RuposhiBarisal\app\build\intermediates\exploded-aar\com.android.support.test\exposed-instrumentation-api-publish\0.5\res"/></dataSet><dataSet config="0.5$Generated" generated="true"><source path="H:\1.Education\Academic\2.2\5.SD 3\RuposhiBarisal\app\build\intermediates\exploded-aar\com.android.support.test\runner\0.5\res"/></dataSet><dataSet config="0.5$Generated" generated="true"><source path="H:\1.Education\Academic\2.2\5.SD 3\RuposhiBarisal\app\build\intermediates\exploded-aar\com.android.support.test\rules\0.5\res"/></dataSet><dataSet config="2.2.2$Generated" generated="true"><source path="H:\1.Education\Academic\2.2\5.SD 3\RuposhiBarisal\app\build\intermediates\exploded-aar\com.android.support.test.espresso\espresso-core\2.2.2\res"/></dataSet><dataSet config="main$Generated" generated="true"><source path="H:\1.Education\Academic\2.2\5.SD 3\RuposhiBarisal\app\src\androidTest\res"/><source path="H:\1.Education\Academic\2.2\5.SD 3\RuposhiBarisal\app\build\generated\res\rs\androidTest\debug"/><source path="H:\1.Education\Academic\2.2\5.SD 3\RuposhiBarisal\app\build\generated\res\resValues\androidTest\debug"/></dataSet><dataSet config="2.2.2" from-dependency="true" generated-set="2.2.2$Generated"><source path="H:\1.Education\Academic\2.2\5.SD 3\RuposhiBarisal\app\build\intermediates\exploded-aar\com.android.support.test.espresso\espresso-idling-resource\2.2.2\res"/></dataSet><dataSet config="0.5" from-dependency="true" generated-set="0.5$Generated"><source path="H:\1.Education\Academic\2.2\5.SD 3\RuposhiBarisal\app\build\intermediates\exploded-aar\com.android.support.test\exposed-instrumentation-api-publish\0.5\res"/></dataSet><dataSet config="0.5" from-dependency="true" generated-set="0.5$Generated"><source path="H:\1.Education\Academic\2.2\5.SD 3\RuposhiBarisal\app\build\intermediates\exploded-aar\com.android.support.test\runner\0.5\res"/></dataSet><dataSet config="0.5" from-dependency="true" generated-set="0.5$Generated"><source path="H:\1.Education\Academic\2.2\5.SD 3\RuposhiBarisal\app\build\intermediates\exploded-aar\com.android.support.test\rules\0.5\res"><file path="H:\1.Education\Academic\2.2\5.SD 3\RuposhiBarisal\app\build\intermediates\exploded-aar\com.android.support.test\rules\0.5\res\values\values.xml" qualifiers=""><string name="app_name">Test-api</string></file></source></dataSet><dataSet config="2.2.2" from-dependency="true" generated-set="2.2.2$Generated"><source path="H:\1.Education\Academic\2.2\5.SD 3\RuposhiBarisal\app\build\intermediates\exploded-aar\com.android.support.test.espresso\espresso-core\2.2.2\res"/></dataSet><dataSet config="main" generated-set="main$Generated"><source path="H:\1.Education\Academic\2.2\5.SD 3\RuposhiBarisal\app\src\androidTest\res"/><source path="H:\1.Education\Academic\2.2\5.SD 3\RuposhiBarisal\app\build\generated\res\rs\androidTest\debug"/><source path="H:\1.Education\Academic\2.2\5.SD 3\RuposhiBarisal\app\build\generated\res\resValues\androidTest\debug"/></dataSet><mergedItems/></merger>