<?xml version="1.0" encoding="utf-8"?>
<merger version="3"><dataSet config="25.0.1"><source path="H:\1.Education\Academic\2.2\5.SD 3\RuposhiBarisal\app\build\intermediates\exploded-aar\com.android.support\support-compat\25.0.1\assets"/></dataSet><dataSet config="25.0.1"><source path="H:\1.Education\Academic\2.2\5.SD 3\RuposhiBarisal\app\build\intermediates\exploded-aar\com.android.support\support-vector-drawable\25.0.1\assets"/></dataSet><dataSet config="25.0.1"><source path="H:\1.Education\Academic\2.2\5.SD 3\RuposhiBarisal\app\build\intermediates\exploded-aar\com.android.support\animated-vector-drawable\25.0.1\assets"/></dataSet><dataSet config="25.0.1"><source path="H:\1.Education\Academic\2.2\5.SD 3\RuposhiBarisal\app\build\intermediates\exploded-aar\com.android.support\support-core-utils\25.0.1\assets"/></dataSet><dataSet config="25.0.1"><source path="H:\1.Education\Academic\2.2\5.SD 3\RuposhiBarisal\app\build\intermediates\exploded-aar\com.android.support\support-core-ui\25.0.1\assets"/></dataSet><dataSet config="25.0.1"><source path="H:\1.Education\Academic\2.2\5.SD 3\RuposhiBarisal\app\build\intermediates\exploded-aar\com.android.support\support-media-compat\25.0.1\assets"/></dataSet><dataSet config="25.0.1"><source path="H:\1.Education\Academic\2.2\5.SD 3\RuposhiBarisal\app\build\intermediates\exploded-aar\com.android.support\support-fragment\25.0.1\assets"/></dataSet><dataSet config="25.0.1"><source path="H:\1.Education\Academic\2.2\5.SD 3\RuposhiBarisal\app\build\intermediates\exploded-aar\com.android.support\support-v4\25.0.1\assets"/></dataSet><dataSet config="25.0.1"><source path="H:\1.Education\Academic\2.2\5.SD 3\RuposhiBarisal\app\build\intermediates\exploded-aar\com.android.support\appcompat-v7\25.0.1\assets"/></dataSet><dataSet config="main"><source path="H:\1.Education\Academic\2.2\5.SD 3\RuposhiBarisal\app\src\main\assets"/><source path="H:\1.Education\Academic\2.2\5.SD 3\RuposhiBarisal\app\build\generated\assets\shaders\debug"/></dataSet><dataSet config="debug"><source path="H:\1.Education\Academic\2.2\5.SD 3\RuposhiBarisal\app\src\debug\assets"/></dataSet></merger>